MATRICULA,REQUISITO,WA,SS,OVP,DISC,DISC EXTRA
A01704161,1,1,1,1,0,1
A01705340,1,1,1,1,0,1
A01658885,1,1,1,1,0,1
A01611272,1,1,1,1,0,1
A01704098,1,1,1,1,0,1
A01735826,1,1,1,1,0,1
A01233866,1,1,1,1,0,1
A01740803,1,1,1,1,0,1
A00226838,1,1,1,1,0,1
A01703364,1,1,1,1,0,1
A01708310,1,1,1,1,0,1
A01620262,1,1,1,1,0,1
A01656307,1,1,1,1,0,1
A01732320,1,1,1,1,0,1
A01352581,1,1,1,1,0,1
A00573426,1,1,1,1,0,1
A01708630,1,1,1,1,0,1
A01736605,1,1,1,1,0,1
A01735910,1,1,1,1,0,1
A01770891,1,1,1,1,0,0
A01384733,1,1,1,1,0,1
A01709066,1,1,1,1,0,1
A01709622,1,1,1,1,0,1
A01770619,1,1,1,1,0,1
A01254037,1,1,1,1,0,1
A01736480,1,1,1,1,0,1
A01368756,1,1,1,1,0,1
A01733498,1,1,1,1,0,1
A01540765,1,1,1,1,0,1
A01741045,1,1,1,1,0,1
A01611713,1,1,1,1,0,1
A01423746,1,1,1,1,0,1
A01252731,1,1,1,1,0,1
A01703933,1,1,1,1,0,1
A01702751,1,1,1,1,0,1
A01174123,1,1,1,1,0,1
A01770842,1,1,1,1,0,1
A01568661,1,1,1,1,0,1
A01620798,1,1,1,1,0,1
A01276926,1,1,1,1,0,1
A01236103,1,1,1,1,0,1
A01734535,0,0,1,1,0,1
A01732636,1,1,1,1,0,1
A01276355,0,0,1,1,0,1
A01384352,1,1,1,1,0,1
A01733504,1,1,1,1,0,1
A01368163,1,1,1,1,0,1
A01068056,1,1,1,1,0,1
A00832839,1,1,1,1,0,1
A01708608,1,1,1,1,0,1
A00573606,1,1,1,1,0,1
A01424853,1,1,1,1,0,1
A01424854,1,1,1,1,0,1
A01709229,1,1,1,1,0,1
A00227863,1,1,1,1,0,1
A01736203,1,1,1,1,0,0
A01562885,1,1,1,1,0,1
A01562832,1,1,1,1,0,1
A01742272,1,1,1,1,0,1
A01736435,1,1,1,1,0,0
A01771248,1,1,1,1,0,1
A01708930,1,1,1,1,0,1
A01236313,1,1,1,1,0,1
A01708722,1,1,1,1,0,1
A01709439,1,1,1,1,0,1
A01254314,1,1,1,1,0,1
A01705277,1,1,1,1,0,1
A01275687,1,1,1,1,0,1
A01733305,1,1,1,1,0,1
A01704493,1,1,1,1,0,1
A01704179,1,1,1,1,0,1
A01368812,1,1,1,1,0,1
A01378624,1,1,1,1,0,1
A01611257,1,1,1,1,0,1
A01704144,1,1,1,1,0,1
A01252390,1,1,1,1,0,1
A01252478,1,1,1,1,0,1
A01275564,1,1,1,1,0,1
A01235642,1,1,1,1,0,1
A01275858,1,1,1,1,0,1
A01704460,1,1,1,1,0,0
A01734985,1,1,1,1,0,1
A01174706,1,1,1,1,0,1
A01562109,1,0,1,1,0,1
A01661608,1,1,1,1,0,1
A01562542,1,1,1,1,0,1
A01735475,0,0,1,1,1,0
A01068285,1,1,1,1,0,1
A01707369,1,1,1,1,0,1
A01384717,1,1,1,1,0,1
A01236269,1,1,1,1,0,1
A01562704,1,1,1,1,0,1
A01736272,1,1,1,1,0,1
A01708766,1,1,1,1,0,1
A01709247,1,1,1,1,0,1
A01254014,1,1,1,1,0,1
A01068195,1,1,1,1,0,1
A01625595,1,1,1,1,0,1
A01254236,1,1,1,1,0,1
A01562712,1,1,1,1,0,1
A01740863,1,1,1,1,0,1
A01023881,1,1,1,1,0,1
A01703517,1,1,1,1,0,1
A01701758,1,1,1,1,0,1
A00572315,1,1,1,1,0,1
A01740791,1,1,1,1,0,1
A01732608,1,1,1,1,0,1
A01732831,1,1,1,1,0,1
A01703334,1,1,1,1,0,1
A01704120,1,1,1,1,0,0
A01411613,1,1,1,1,0,1
A01275698,1,1,1,1,0,0
A01423603,1,1,1,1,0,1
A01641326,1,1,1,1,0,1
A01252614,1,1,1,1,0,1
A01770841,1,1,1,1,0,1
A01620838,1,1,1,1,0,1
A01731696,1,1,1,1,0,1
A01708164,1,1,1,1,0,1
A01736175,1,1,1,1,0,1
A01707882,1,1,1,1,0,1
A01770720,1,1,1,1,0,1
A01736699,1,1,1,1,0,1
A00573659,1,1,1,1,0,1
A01708432,1,1,1,1,0,1
A01735934,1,1,1,1,0,0
A00573210,0,0,1,1,0,1
A01254372,1,1,1,1,0,1
A01704556,1,1,1,1,0,1
A01252454,1,1,1,1,0,1
A01368610,1,1,1,1,0,0
A01703499,1,1,1,1,0,0
A01369153,1,1,1,1,0,1
A01327503,1,1,1,1,0,1
A01367647,1,1,1,1,0,1
A01704526,1,1,1,1,0,1
A01275676,1,1,1,1,0,1
A01368554,1,1,1,1,0,1
A01368991,1,1,1,1,0,1
A01652662,1,1,1,1,0,1
A01252510,1,1,1,1,0,1
A00572089,1,0,1,1,0,1
A01769374,1,1,1,1,0,1
A01234446,1,1,1,1,0,1
A01706966,1,1,1,1,0,1
A01734669,0,1,1,1,0,1
A01741987,1,1,1,1,0,1
A01254019,1,1,1,1,0,1
A01236386,1,1,1,1,0,1
A01736216,1,1,1,1,0,1
A01236344,1,1,1,1,0,1
A01254051,1,1,1,1,0,1
A01640944,1,1,1,1,0,1
A01735752,1,1,1,1,0,1
A01709099,1,1,1,1,0,1
A01236405,1,1,1,1,0,1
A01424529,1,1,1,1,0,1
A01562747,1,1,1,1,0,1
A01613390,1,1,1,1,0,1
A01613517,1,1,1,1,0,1
A01368685,1,1,1,1,0,1
A01747205,1,1,1,1,0,1
A01234411,1,1,1,1,0,1
A01384756,1,1,1,1,0,0
A01252527,1,1,1,1,0,1
A01351844,1,0,1,1,0,1
A01731642,1,1,1,1,0,0
A01704191,1,1,1,1,0,1
A01369031,1,1,1,1,0,1
A01610540,1,1,1,1,0,1
A01704516,1,1,1,1,0,1
A01651976,1,1,1,1,0,1
A01233999,1,1,1,1,0,1
A01741033,1,1,1,1,0,1
A01425004,1,1,1,1,0,1
A01742341,1,1,1,1,0,1
A01277170,1,1,1,1,0,1
A01708298,1,1,1,1,0,1
A01254078,1,1,1,1,0,1
A01707582,1,1,1,1,0,1
A01236402,1,1,1,1,0,1
A01562484,1,1,1,1,0,1
A01613044,1,1,1,1,0,1
A01709036,1,1,1,1,0,1
A01562785,1,1,1,1,0,1
A01562783,1,1,1,1,0,1
A01708945,1,1,1,1,0,1
A01411857,1,1,1,1,0,1
A01705027,1,1,1,1,0,1
A01733342,1,1,1,1,0,1
A01568422,0,1,1,1,0,1
A01705198,1,1,1,1,0,1
A01703376,0,0,1,1,0,1
A01368722,1,1,1,1,0,1
A01612944,1,1,1,1,0,1
A01611857,1,1,1,1,0,0
A01740714,1,1,1,1,0,1
A01634966,1,1,1,1,0,1
A01731506,1,1,1,1,0,1
A01067546,1,1,1,1,0,1
A01704547,1,1,1,1,0,1
A01708662,1,1,1,1,0,1
A00571999,1,1,1,1,0,1
A01735515,1,1,1,1,0,1
A01735547,1,1,1,1,0,1
A01771227,1,1,1,1,0,1
A01707761,1,1,1,1,0,1
A01625570,1,1,1,1,0,1
A01254258,1,1,1,1,0,1
A01735874,1,1,1,1,0,0
A01708642,1,1,1,1,0,1
A01424917,1,1,1,1,0,1
A01771003,1,1,1,1,0,1
A01424851,1,1,1,1,0,1
A00572477,1,1,1,1,0,1
A01731089,1,1,1,1,0,1
A01611616,1,1,1,1,0,1
A01568750,1,1,1,1,0,1
A01566949,1,1,1,1,0,1
A01704728,1,1,1,1,0,1
A01424257,1,1,1,1,0,1
A01368690,1,1,1,1,0,0
A01252658,1,1,1,1,0,1
A01568542,1,0,1,1,0,1
A01703927,1,1,1,1,0,1
A01253539,1,1,1,1,0,1
A01704185,1,1,1,1,0,1
A01611793,1,1,1,1,0,1
A01611788,1,1,1,1,0,0
A01252599,1,1,1,1,0,1
A01425010,1,1,1,1,0,1
A01733180,1,1,1,1,0,1
A01707440,1,1,1,1,0,1
A01254012,1,1,1,1,0,1
A01735883,1,1,1,1,0,0
A01734900,1,1,1,1,0,1
A01733916,1,1,1,1,0,1
A01277281,1,1,1,1,0,0
A01736230,1,1,1,1,0,1
A01709660,1,1,1,1,0,1
A01703540,1,1,1,1,0,1
A01708621,1,1,1,1,0,1
A01708938,1,1,1,1,0,1
A01660983,1,1,1,1,0,1
A01236291,1,1,1,1,0,1
A01701543,1,1,1,1,0,1
A01703109,1,1,1,1,0,1
A00572493,1,1,1,1,0,1
A01736288,1,1,1,1,0,1
A01741024,1,1,1,1,0,1
A01704101,1,1,1,1,0,1
A01732656,1,1,1,1,0,1
A01252511,1,1,1,1,0,1
A01067362,0,1,1,1,0,1
A01705219,1,1,1,1,0,1
A01733255,1,1,1,1,0,0
A01425038,1,1,1,1,0,1
A01026317,1,1,1,1,0,1
A01732185,1,1,1,1,0,1
A01741023,1,1,1,1,0,1
A01252460,1,1,1,1,0,1
A01708079,1,1,1,1,0,1
A01276469,1,1,1,1,0,1
A01704212,1,1,1,1,0,1
A01368697,1,1,1,1,0,1
A00831613,1,0,1,1,0,1
A01708987,1,1,1,1,0,1
A01736238,1,1,1,1,0,1
A01708297,1,1,1,1,0,1
A01277111,1,1,1,1,0,1
A01753908,1,1,1,1,0,1
A01736089,1,1,1,1,0,1
A01753847,1,1,1,1,0,1
A01424870,1,1,1,1,0,1
A01781994,1,1,1,1,0,1
A01709059,1,1,1,1,0,1
A01736119,1,1,1,1,0,1
A01708619,1,1,1,1,0,1
A01709193,1,1,1,1,0,1
A01613300,1,1,1,1,0,0
A01708636,1,1,1,1,0,1
A01707774,1,1,1,1,0,1
A01736284,1,1,1,1,0,1
A01709429,1,1,1,1,0,1
A01709521,0,1,1,1,0,1
A01704720,1,1,1,1,0,1
A01277372,1,1,1,1,0,1
A01771197,1,1,1,1,0,1
A01368227,1,1,1,1,0,1
A01746980,1,1,1,1,0,1
A01365891,1,1,1,1,0,1
A01368611,1,1,1,1,0,0
A01369045,1,1,1,1,0,1
A01423433,1,0,1,1,0,1
A01253085,1,1,1,1,0,1
A01368670,1,1,1,1,0,1
A01742100,1,1,1,1,0,1
A01742253,1,1,1,1,0,1
A01276098,1,1,1,1,0,1
A01771263,1,1,1,1,0,1
A01735927,1,1,1,1,0,1
A01770463,1,1,1,1,0,1
A01236277,1,1,1,1,0,1
A01735994,1,1,1,1,0,1
A01771048,1,1,1,1,0,1
A01253734,1,1,1,1,0,1
A01562591,1,1,1,1,0,1
A01736345,1,1,1,1,0,1
A01661736,1,1,1,1,0,1
A01709293,1,1,1,1,0,1
A01625513,1,1,1,1,0,1
A01562602,1,1,1,1,0,1
A01562463,1,1,1,1,0,1
A01709282,1,0,1,1,0,1
A01423577,1,1,1,1,0,1
A01383324,1,1,1,1,0,1
A01732803,1,1,1,1,0,1
A01613537,0,1,1,1,0,1
A01274537,1,0,1,1,0,1
A01368476,1,1,1,1,0,1
A01733195,1,1,1,1,0,1
A01368657,1,1,1,1,0,1
A01709186,1,1,1,1,0,1
A01705346,1,1,1,1,0,1
A01567011,1,1,1,1,0,1
A01733524,1,1,1,1,0,0
A01367902,1,1,1,1,0,1
A01368671,1,1,1,1,0,1
A01562625,1,1,1,1,0,1
A01252703,1,1,1,1,0,1
A01562467,1,1,1,1,0,1
A01707499,1,1,1,1,0,1
A01735363,1,1,1,1,0,1
A01736163,1,1,1,1,0,1
A01254257,1,1,1,1,0,1
A01384707,1,1,1,1,0,1
A01277256,1,1,1,1,0,1
A01562781,1,1,1,1,0,1
A01734333,1,1,1,1,0,1
A01708336,1,1,1,1,0,1
A01742428,1,1,1,1,0,0
A01236299,1,1,1,1,0,1
A01735813,1,1,1,1,0,1
A01276775,1,1,1,1,0,1
A01736610,1,1,1,1,0,1
A01709642,1,1,1,1,0,1
A01368679,1,1,1,1,0,1
A01613549,1,1,1,1,0,0
A01620513,1,0,1,1,0,1
A01352001,1,1,1,1,0,1
A01703527,1,1,1,1,0,0
A01252480,1,1,1,1,0,1
A01423810,1,1,1,1,0,1
A01235606,1,1,1,1,0,1
A01749002,1,1,1,1,0,1
A01423646,1,1,1,1,0,1
A01703960,1,1,1,1,0,1
A01705267,1,1,1,1,0,1
A01704096,1,1,1,1,0,1
A01368813,1,1,1,1,0,1
A01368822,1,1,1,1,0,0
A01741152,1,1,1,1,0,0
A01411437,1,1,1,1,0,1
A01423620,1,1,1,1,0,1
A01254018,1,1,1,1,0,1
A01424996,1,1,1,1,0,1
A01708858,1,1,1,1,0,0
A01736555,1,1,1,1,0,1
A01770261,1,1,1,1,0,1
A01735840,1,1,1,1,0,1
A01734192,1,1,1,1,0,1
A01707805,1,1,1,1,0,1
A00573466,1,1,1,1,0,1
A01254229,1,1,1,1,0,1
A01709413,1,1,1,1,0,1
A01735895,1,1,1,1,0,1
A01736671,1,1,1,1,0,1
A01709634,1,1,1,1,0,0
A01613057,1,1,1,1,0,1
A01568066,1,1,1,1,0,1
A01635441,1,1,1,1,0,1
A01366964,1,1,1,1,0,1
A00571775,1,1,1,1,0,1
A01635482,1,1,1,1,0,1
A01276100,0,1,1,1,0,1
A01411644,1,0,1,1,0,1
A01368545,1,1,1,1,0,1
A01611266,1,1,1,1,0,1
A01411849,0,1,1,1,0,1
A01275728,1,1,1,1,0,1
A00572239,1,1,1,1,0,0
A01733032,1,1,1,1,0,1
A01771288,1,1,1,1,0,0
A01369142,1,1,1,1,0,1
A01254252,1,1,1,1,0,1
A01735833,1,1,1,1,0,1
A00573139,1,1,1,1,0,1
A01735896,1,1,1,1,0,1
A00573593,1,1,1,1,0,1
A01412663,1,1,1,1,0,1
A01254038,1,1,1,1,0,1
A01277279,1,1,1,1,0,1
A01708720,1,1,1,1,0,1
A01708612,1,1,1,1,0,0
A01709438,1,1,1,1,0,1
A01781284,1,1,1,1,0,1
A01254028,1,1,1,1,0,1
A01730312,1,1,1,1,0,1
A01740831,1,1,1,1,0,1
A01384764,1,1,1,1,0,1
A01703366,1,1,1,1,0,1
A01552350,1,1,1,1,0,1
A01703487,1,1,1,1,0,1
A01703905,1,1,1,1,0,1
A01705363,1,1,1,1,0,1
A01276883,1,0,1,1,0,1
A01704095,1,1,1,1,0,1
A01704112,1,1,1,1,0,1
A01771182,1,1,1,1,0,0
A01174156,1,1,1,1,0,1
A01732607,1,1,1,1,0,0
A01274679,1,1,1,1,0,1
A01351913,1,1,1,1,0,1
A01611735,1,1,1,1,0,1
A01234483,1,1,1,1,0,1
A01424150,1,1,1,1,0,1
A00572249,1,1,1,1,0,1
A01742301,1,1,1,1,0,1
A01423685,1,1,1,1,0,1
A01704482,1,1,1,1,0,0
A01383483,1,1,1,1,0,1
A01708299,1,1,1,1,0,1
A01253999,1,1,1,1,0,1
A01625321,1,1,1,1,0,1
A01707360,1,1,1,1,0,1
A00573252,1,1,1,1,0,1
A00573507,1,1,1,1,0,1
A01736554,1,1,1,1,0,1
A01613506,1,1,1,1,0,1
A01709663,1,1,1,1,0,1
A01708705,1,1,1,1,0,1
A01613462,0,1,1,1,0,0
A07192093,1,1,1,1,0,1
A01736337,1,1,1,1,0,1
A01613518,1,1,1,1,0,1
A01551942,1,1,1,1,0,1
A00573725,1,1,1,1,0,1
A01701746,1,1,1,1,0,1
A01704272,1,1,1,1,0,1
A01709613,1,1,1,1,0,1
A01611844,1,1,1,1,0,1
A01740670,1,1,1,1,0,1
A01701858,1,1,1,1,0,1
A01703867,1,1,1,1,0,1
A01704978,1,1,1,1,0,1
A01252532,1,1,1,1,0,1
A01382910,1,1,1,1,0,1
A01703125,1,1,1,1,0,1
A01369091,1,1,1,1,0,1
A01732583,1,1,1,1,0,1
A01252499,1,1,1,1,0,1
A01368950,1,1,1,1,0,1
A01368898,1,1,1,1,0,1
A01721855,1,1,1,1,0,1
A01733441,1,0,1,1,0,1
A00572472,1,1,1,1,0,1
A01704840,1,1,1,1,0,1
A01367455,1,1,1,1,0,1
A01369075,1,1,1,1,0,1
A01611789,1,1,1,1,0,1
A01275605,1,1,1,1,0,1
A01067433,1,1,1,1,0,1
A01383533,1,1,1,1,0,1
A01235602,1,1,1,1,0,1
A01254008,1,1,1,1,0,1
A01625526,1,1,1,1,0,1
A01562270,0,1,1,1,0,1
A01236081,1,0,1,1,0,1
A01771174,1,1,1,1,0,1
A01736622,1,1,1,1,0,1
A01742315,1,1,1,1,0,1
A01709009,1,1,1,1,0,1
A01253878,1,1,1,1,0,1
A01254173,1,1,1,1,0,1
A01709431,1,1,1,1,0,1
A01702431,1,1,1,1,0,1
A00517194,1,0,1,1,0,1
A01702918,1,0,1,1,0,1
A01024737,1,1,1,1,0,1
A01540502,1,1,1,1,0,1
A01741061,1,1,1,1,0,1
A01384604,1,1,1,1,0,1
A01733538,1,1,1,1,0,1
A01254233,1,1,1,1,0,1
A01611986,1,1,1,1,0,1
A01541101,1,1,1,1,0,1
A01740953,1,1,1,1,0,0
A01252195,1,1,1,1,0,1
A00572207,1,1,1,1,0,1
A01747206,1,1,1,1,0,1
A01275756,1,1,1,1,0,1
A01733678,1,1,1,1,0,1
A01275999,1,1,1,1,0,0
A01771195,1,1,1,1,0,1
A01707814,1,1,1,1,0,1
A01236094,1,1,1,1,0,1
A01625535,1,1,1,1,0,1
A01708874,1,1,1,1,0,1
A01708753,1,1,1,1,0,1
A01736653,1,1,1,1,0,1
A01736254,1,1,1,1,0,1
A01709436,1,1,1,1,0,1
A01236286,1,1,1,1,0,1
A01709345,1,1,1,1,0,1
A01771289,1,1,1,1,0,1
A01709399,1,1,1,1,0,1
A00573594,1,1,1,1,0,1
A00834289,1,1,1,1,0,1
A01275648,1,1,1,1,0,1
A01234391,1,1,1,1,0,1
A01613033,1,1,1,1,0,1
A01383627,1,1,1,0,0,1
A01704524,1,1,1,1,0,1
A01275677,1,1,1,1,0,1
A01733550,1,1,1,1,0,1
A01368535,1,1,1,1,0,1
A01704128,1,1,1,1,0,1
A01234320,1,1,1,1,0,0
A01369012,1,1,1,0,0,1
A01368823,1,1,1,1,0,1
A01730640,1,1,1,1,0,1
A01568579,1,1,1,1,0,1
A01368587,1,1,1,1,0,1
A01254152,1,1,1,1,0,1
A01246571,1,1,1,1,0,1
A01704807,1,1,1,1,0,1
A01613386,1,1,1,1,0,1
A01612907,1,1,1,1,0,1
A01708416,1,1,1,1,0,1
A01709461,1,1,1,1,0,1
A01709119,1,1,1,1,0,1
A01706392,1,1,1,1,0,1
A01707423,1,1,1,1,0,1
A01735882,1,1,1,1,0,1
A01709122,1,1,1,1,0,1
A01771255,1,1,1,1,0,1
A01736279,1,1,1,1,0,1
A01562477,1,0,1,0,0,1
A01735778,1,1,1,1,0,1
A01702603,1,1,1,1,0,1
A01740952,1,1,1,1,0,1
A01732660,1,1,1,1,0,1
A01732670,1,0,1,1,0,1
A01741324,1,1,1,1,0,1
A01734647,1,1,1,1,0,1
A01236332,1,1,1,1,0,1
A01771013,1,1,1,1,0,1
A01252441,1,1,1,1,0,1
A01704105,1,1,1,1,0,1
A01703133,1,1,1,1,0,1
A01367571,1,1,1,1,0,1
A01733587,1,1,1,1,0,1
A01613432,1,1,1,1,0,1
A01731446,1,1,1,1,0,1
A01742323,1,1,1,1,0,0
A01771125,1,1,1,1,0,1
A01246479,1,1,1,1,0,1
A01736091,1,1,1,1,0,1
A01709262,1,1,1,1,0,1
A01236239,1,1,1,1,0,1
A01732869,1,1,1,1,0,1
A01251401,1,1,1,1,0,1
A01704187,1,1,1,1,0,1
A01706717,1,1,1,1,0,1
A01562616,1,1,1,1,0,1
A01704115,1,1,1,1,0,1
A01625243,1,1,1,1,0,1
A01736676,1,1,1,1,0,1
A00834721,1,1,1,1,0,1
A01368201,0,1,1,1,0,0
A01552221,1,1,1,1,0,1
A01252299,1,1,1,1,0,1
A01611249,1,1,1,1,0,1
A01704160,1,1,1,1,0,1
A01568683,1,1,1,1,0,1
A01733574,1,1,1,1,0,1
A01612086,1,1,1,1,0,1
A01067761,1,1,1,1,0,1
A01253233,1,1,1,1,0,1
A01770893,1,1,1,1,0,1
A01709037,1,1,1,1,0,1
A01625536,1,1,1,1,0,1
A01708960,1,1,1,1,0,1
A01368776,1,1,1,1,0,0
A01252706,1,1,1,1,0,1
A01708796,1,1,1,1,0,1
A00573757,0,1,1,1,0,1
A01740416,1,1,1,1,0,1
A01568591,1,1,1,1,0,1
A01253605,1,1,1,1,0,1
A01708218,1,1,1,0,0,1
A01707452,1,1,1,1,0,1
A01707965,1,1,1,1,0,1
A01384608,1,1,1,1,0,1
A01562764,1,1,1,1,0,1
A01254155,1,1,1,1,0,1
A01068131,1,1,1,1,0,1
A01742155,1,1,1,1,0,1
A01252381,1,1,1,1,0,1
A01567021,1,1,1,1,0,1
A01369187,1,1,1,1,0,1
A01424953,1,1,1,1,0,1
A01703047,1,1,1,1,0,1
A01735350,1,1,1,1,0,1
A01245294,1,1,1,1,0,1
A01736339,1,1,1,1,0,1
A01736210,1,1,1,1,0,1
A01770856,1,1,1,1,0,1
A01709005,1,1,1,1,0,1
A01736666,1,1,1,1,0,1
A01422858,1,1,1,1,0,1
A01368564,1,1,1,1,0,1
A01703518,1,1,1,1,0,0
A01423601,1,1,1,1,0,1
A01540491,1,1,1,1,0,1
A01369024,1,1,1,1,0,1
A01369313,1,1,1,1,0,1
A01705722,1,1,1,1,0,1
A01770610,1,1,1,1,0,1
A00573700,1,1,1,1,0,1
A01636023,1,1,1,1,0,1
A01562854,1,1,1,1,0,1
A01709661,1,1,1,1,0,1
A01662426,1,1,1,1,0,1
A01732648,1,1,1,1,0,1
A01252832,1,1,1,1,0,1
A01233997,1,1,1,1,0,1
A00573538,1,1,1,1,0,0
A01771059,1,1,1,1,0,1
A01236477,1,1,1,1,0,1
A01068314,1,1,1,0,0,1
A01731389,1,1,1,1,0,0
A01705197,1,1,1,1,0,1
A01736083,1,1,1,1,0,1
A00573197,1,1,1,1,0,1
A01709010,1,1,1,1,0,1
A01735830,1,1,1,1,0,1
A01708403,1,1,1,1,0,1
A01742287,1,1,1,1,0,1
A01611656,1,1,1,1,0,1
A01562687,1,1,1,1,0,1
A01735898,1,1,1,1,0,1
A01735406,1,1,1,1,0,1
A01384624,1,1,1,1,0,0
A01736302,1,1,1,1,0,1
A00829553,1,1,1,1,0,1
A00227828,1,1,1,1,0,1
A01252813,1,1,1,1,0,1
A01707930,1,1,1,1,0,1
A00573436,1,1,1,1,0,1
A01613507,1,1,1,1,0,1
A01753930,1,1,1,1,0,1
A01736716,1,1,1,0,0,1
A01734997,1,1,1,1,0,1
A01368675,1,1,1,1,0,1
A01253887,1,1,1,1,0,1
A01277212,1,1,1,1,0,1
A01253997,1,1,1,1,0,1
A00571838,1,1,1,1,0,1
A01252313,1,1,1,1,0,1
A01708665,1,1,1,1,0,1
A01613543,1,1,1,1,0,1
A00573542,1,1,1,1,0,1
A01702770,1,1,1,1,0,1
A01611701,1,1,1,1,0,1
A01275678,1,1,1,1,0,1
A01423650,1,1,1,1,0,1
A01613402,1,1,1,1,0,1
A01209837,1,0,1,1,0,1
A00573709,1,1,1,1,0,1
A01708643,1,1,1,1,0,1
A01771226,1,1,1,1,0,1
A01736088,1,1,1,1,0,1
A01620829,1,1,1,1,0,1
A01731318,1,1,1,1,1,1
A01735996,1,1,1,1,0,1
A01732756,1,1,1,1,0,1
A01252485,1,1,1,1,0,1
A01369088,1,1,1,1,0,1
A01771324,1,1,1,1,0,1
A01423616,1,1,1,1,0,1
A01612099,1,1,1,1,0,1
A01275720,1,1,1,1,0,1
A01276206,1,1,1,1,0,1
A01620808,1,1,1,1,0,1
A01708307,0,1,1,1,0,1
A01736027,1,1,1,1,0,1
A01236335,1,1,1,1,0,1
A00571431,1,1,1,1,0,1
A00571762,1,1,1,1,0,1
A01611028,1,1,1,1,0,1
A01771287,1,1,1,1,0,1
A01708181,1,1,1,1,0,1
A01708328,1,1,1,1,0,1
A00573265,1,1,1,1,0,1
A01562824,1,1,1,1,0,1
A01732376,1,1,1,1,0,1
A01568684,1,1,1,1,0,1
A01732556,1,1,1,1,0,0
A01411382,1,1,1,1,0,1
A01368495,1,1,1,1,0,1
A01424900,1,1,1,1,0,1
A01703982,1,1,1,1,0,1
A01174057,1,1,1,1,0,1
A01735186,1,1,1,1,0,1
A01708964,1,1,1,1,0,1
A01731741,1,1,1,1,0,1
A01732909,1,1,1,1,0,1
A01236317,1,1,1,1,0,1
A01705616,1,1,1,1,0,1
A01114348,1,1,1,1,0,1
A01613370,1,1,1,1,0,1
A01254283,1,1,1,1,0,1
A00572230,1,1,1,1,0,1
A01612092,1,1,1,1,0,1
A01748827,1,1,1,1,0,1
A01708745,1,1,1,1,0,1
A01708682,1,1,1,1,0,1
A01277167,1,1,1,1,0,1
A01703955,1,1,1,1,0,1
A01704513,1,1,1,1,0,0
A01351714,1,1,1,1,0,0
A01275755,1,1,1,1,0,1
A01771045,1,1,1,1,0,0
A01252399,1,1,1,1,0,1
A01704152,1,1,1,1,0,1
A01620694,1,1,1,1,0,1
A01275684,1,1,1,1,0,1
A01704476,1,1,1,1,0,1
A01246738,1,1,1,1,0,1
A01562645,1,1,1,1,0,1
A01735828,1,1,1,1,0,0
A01704175,1,1,1,1,0,1
A01250949,1,1,1,1,0,1
A01706981,1,1,1,1,0,1
A01562384,1,1,1,1,0,1
A01236290,1,1,1,1,0,1
A01611685,1,1,1,1,0,1
A01620719,1,1,1,1,0,1
A01703921,1,1,1,1,0,1
A01704213,1,1,1,1,0,1
A01708654,1,1,1,1,0,1
A01703525,1,1,1,1,0,1
A01620675,1,1,1,1,0,1
A01707398,1,1,1,1,0,1
A01252375,1,1,1,1,0,1
A01234512,1,1,1,1,0,1
A01067826,1,1,1,1,0,1
A01613111,1,1,1,1,0,1
A01254027,1,1,1,1,0,1
A01736164,1,1,1,1,0,1
A01740798,1,1,1,1,0,0
A01275532,1,1,1,1,0,1
A01708888,1,1,1,1,0,1
A01703835,1,1,1,1,0,1
A01701510,1,1,1,1,0,1
A01735784,1,1,1,1,0,0
A01709555,1,1,1,1,0,1
A01748518,1,0,1,1,0,1
A01736040,1,1,1,1,0,1
A01423652,1,1,1,1,0,0
A01704768,1,1,1,1,0,1
A01277211,1,1,1,1,0,1
A01384760,0,1,1,1,0,1
A01369229,1,1,1,1,0,1
A01709574,1,1,1,1,0,1
A01736317,1,1,1,1,0,1
A01274209,1,1,1,1,0,1
A01611761,1,1,1,1,0,1
A01703572,1,1,1,1,0,1
A01703755,0,0,1,1,0,1
A01656028,1,1,1,1,0,1
A01275652,1,1,1,1,0,1
A01741063,1,1,1,1,0,1
A01704777,1,1,1,1,0,1
A01704806,1,1,1,1,0,1
A01707891,1,1,1,1,0,1
A01368513,1,1,1,1,0,1
A01067457,1,1,1,1,0,1
A01368858,1,1,1,1,0,1
A00232369,1,1,1,1,0,1
A01770093,1,1,1,1,0,1
A01254015,1,1,1,1,0,1
A01707992,1,1,1,1,0,1
A01411726,1,1,1,1,0,1
A01252378,1,1,1,1,0,1
A01706653,1,1,1,1,0,1
A01736025,1,1,1,1,0,1
A01277218,1,1,1,1,0,1
A01709226,1,1,1,1,0,1
A01704141,1,1,1,1,0,1
A01733364,1,1,1,1,0,1
A01734655,1,1,1,1,0,1
A01708157,1,1,1,1,0,1
A00570672,1,1,1,1,0,1
A01704071,1,1,1,1,0,0
A01709175,1,1,1,1,0,1
A01368715,1,1,1,1,0,1
A01706528,1,1,1,1,0,1
A01365347,1,1,1,1,0,1
A01383555,1,1,1,1,0,1
A01771000,1,1,1,1,0,1
A01571242,1,1,1,1,0,1
A01412769,1,1,1,1,0,1
A01708899,1,1,1,1,0,1
A01708617,1,1,1,1,0,1
A01252617,1,1,1,1,0,1
A01245320,0,1,1,1,0,1
A01702542,1,1,1,1,0,1
A01706423,1,0,1,1,0,1
A01736424,1,1,1,1,0,1
A01704543,1,1,1,1,0,1
A01653541,1,1,1,1,0,1
A01704245,1,1,1,1,0,1
A01253322,1,1,1,1,0,1
A01424305,1,1,1,1,0,1
A01706631,1,0,1,1,0,1
A01369230,1,1,1,1,0,1
A01612804,1,1,1,1,0,1
A01704488,1,1,1,1,0,1
A01612429,1,1,1,1,0,1
A01373463,1,1,1,1,0,1
A01252387,1,1,1,1,0,1
A01369139,1,1,1,1,0,1
A01741807,1,1,1,1,0,1
A01782464,1,1,1,1,0,1
A01026473,1,1,1,1,0,1
A01656774,1,1,1,1,0,1
A01613408,1,1,1,1,0,1
A01253553,1,1,1,1,0,1
A01709558,1,1,1,1,0,1
A01732020,1,1,1,1,0,1
A01704791,1,1,1,1,0,1
A01252428,1,1,1,1,0,1
A01254150,1,1,1,1,0,1
A01233978,1,1,1,1,0,1
A01770613,1,1,1,1,0,1
A00834765,1,1,1,1,0,0
A01770937,1,1,1,1,0,1
A01236268,1,1,1,1,0,1
A01613479,1,1,1,1,0,1
A01383496,1,1,1,1,0,1
A01704286,1,1,1,1,0,1
A01704459,1,1,1,1,0,0
A00834997,1,1,1,1,0,1
A01709121,1,1,1,1,0,0
A01368964,1,1,1,1,0,1
A00572365,1,1,1,1,0,0
A00227560,1,0,1,1,0,1
A01562300,1,1,1,1,0,1
A01708319,1,1,1,1,0,1
A01706962,1,1,1,1,0,1
A01620682,1,1,1,1,0,1
A01704081,1,1,1,1,0,1
A00232313,1,1,1,1,0,1
A01740830,1,1,1,1,0,1
A01252034,1,1,1,1,0,1
A01708069,1,1,1,1,0,1
A01252448,1,1,1,1,0,1
A01412735,1,1,1,1,0,1
A01655562,1,1,1,1,0,1
A01351926,1,1,1,1,0,0
A01741872,1,1,1,1,0,1
A01236330,1,1,1,1,0,1
A01367218,1,1,1,1,0,0
A01734027,1,1,1,1,0,1
A01068216,1,1,1,1,0,1
A01625414,1,1,1,1,0,1
A01735809,1,1,1,1,0,1
A01252651,1,1,1,1,0,1
A01275804,1,1,1,1,0,0
A00572523,1,1,1,1,0,1
A01736709,1,1,1,1,0,1
A01253803,0,1,1,1,0,1
A01736032,1,1,1,1,0,1
A01709180,1,1,1,1,0,1
A01701899,1,1,1,1,0,1
A01705206,1,1,1,1,0,1
A01566842,1,1,1,1,0,1
A01736632,1,1,1,1,0,1
A01368488,1,1,1,1,0,1
A01703889,1,1,1,1,0,1
A01568663,1,1,1,1,0,1
A01235635,1,1,1,1,0,1
A01368651,1,1,1,1,0,1
A00572263,1,1,1,1,0,1
A01552362,1,1,1,1,0,1
A01735432,1,1,1,1,0,1
A01733213,1,1,1,1,0,1
A00572453,1,1,1,1,0,1
A01625515,1,1,1,1,0,1
A01254049,1,1,1,1,0,1
A01236367,1,1,1,1,0,1
A01352644,1,1,1,1,0,1
A01562447,1,1,1,1,0,1
A01701347,1,0,1,1,0,1
A01068283,1,1,1,1,0,1
A01425006,1,1,1,1,0,1
A01277163,1,1,1,1,0,0
A01702452,1,1,1,1,0,1
A01423144,1,1,1,1,0,1
A01423415,1,1,1,1,0,1
A01611387,1,1,1,1,0,1
A01741016,1,1,1,1,0,1
A00232370,1,1,1,1,0,1
A01236321,1,1,1,1,0,1
A01384750,1,1,1,1,0,0
A01562872,1,1,1,1,0,1
A01384709,1,1,1,1,0,1
A01735937,1,1,1,1,0,1
A01562737,1,1,1,1,0,1
A01771136,1,1,1,1,0,1
A01424466,1,1,1,1,0,1
A01252517,1,1,1,1,0,1
A01174788,1,1,1,1,0,1
A01736214,1,1,1,1,0,1
A01254309,1,1,1,1,0,1
A01352661,1,1,1,1,0,1
A01367611,1,1,1,1,0,1
A01552353,1,1,1,1,0,1
A01275574,1,1,1,1,0,1
A01704800,1,1,1,1,0,1
A00232331,1,1,1,1,0,1
A01067510,1,1,1,1,0,1
A01640081,1,1,1,1,0,1
A01236465,1,1,1,1,0,1
A01611637,1,1,1,1,0,1
A01611473,1,1,1,1,0,1
A01704233,1,1,1,1,0,1
A01770620,1,1,1,1,0,1
A01254069,1,1,1,1,0,1
A01742339,1,1,1,1,0,1
A01736593,1,0,1,1,0,1
A01705196,0,1,1,1,0,0
A01423393,1,1,1,1,0,1
A01275666,1,1,1,1,0,1
A01770732,1,1,1,1,0,1
A01706478,1,1,1,1,0,1
A01709279,1,1,1,1,0,1
A01701773,1,1,1,1,0,1
A01708303,1,1,1,1,0,1
A00834451,1,1,1,1,0,1
A01368589,1,1,1,1,0,1
A01368929,1,1,1,1,0,1
A01733147,1,1,1,1,0,1
A01612957,1,1,1,1,0,1
A01736507,1,1,1,1,0,0
A01424955,1,1,1,1,0,1
A01562744,1,1,1,1,0,1
A01368831,1,1,1,1,0,1
A01351773,1,1,1,1,0,1
A01411771,1,1,1,1,0,1
A01174154,1,1,1,1,0,1
A01704093,1,1,1,1,0,1
A01562280,1,1,1,1,0,1
A01702917,1,0,1,1,0,1
A01233987,1,1,1,1,0,1
A01246396,1,1,1,1,0,1
A01735936,1,1,1,1,0,1
A01254030,1,1,1,1,0,1
A01625540,1,1,1,1,0,1
A01423611,1,1,1,1,0,1
A01552387,1,1,1,1,0,1
A01620848,1,1,1,1,0,1
A01321905,1,1,1,1,0,1
A01736265,1,1,1,1,0,1
A01735336,1,1,1,1,0,1
A01367559,1,1,1,1,0,1
A01562866,1,1,1,1,0,1
A01736734,1,1,1,1,0,1
A01704753,1,1,1,1,0,1
A01562587,1,1,1,1,0,1
A01736226,1,1,1,1,0,1
A01369071,1,1,1,1,0,0
A01740959,1,1,1,1,0,1
A01742123,1,1,1,1,0,1
A01747132,1,1,1,1,0,1
A01707583,1,1,1,1,0,1
A01708943,1,1,1,1,0,1
A01277196,1,1,1,1,0,1
A01620775,1,1,1,1,0,1
A01741520,1,1,1,1,0,1
A01026133,1,1,1,1,0,1
A01611665,1,1,1,1,0,0
A01566973,1,1,1,1,0,1
A01734689,1,1,1,1,0,0
A00573510,1,1,1,1,0,1
A01562565,1,1,1,1,0,1
A01740691,1,1,1,1,0,1
A01770426,1,1,1,1,0,1
A01368613,1,1,1,1,0,1
A01656310,1,1,1,1,0,1
A01735780,1,1,1,1,0,1
A01367907,1,1,1,1,0,1
A01704116,1,1,1,1,0,1
A01707871,1,1,1,1,0,1
A01753856,1,1,1,1,0,1
A01734336,1,1,1,1,0,1
A01736035,1,1,1,1,0,1
A01754419,1,1,1,1,0,1
A01424791,1,1,1,1,0,1
A01709498,1,1,1,1,0,1
A01707735,1,1,1,1,0,1
A00572394,1,1,1,1,0,1
A01068132,1,1,1,1,0,0
A01770725,1,1,1,1,0,1
A01368497,1,1,1,1,0,1
A01254007,1,1,1,1,0,1
A01366274,1,1,1,1,0,1
A01732000,1,1,1,1,0,1
A01746682,1,1,1,1,0,1
A01740447,1,1,1,1,0,1
A01732621,1,1,1,1,0,1
A01352551,1,1,1,1,0,1
A01709517,1,1,1,1,0,1
A01275750,1,1,1,1,0,1
A01747162,1,1,1,1,0,1
A00831109,1,1,1,1,0,1
A01709383,1,1,1,1,0,1
A01707038,1,1,1,1,0,1
A01708625,1,1,1,1,0,1
A01736251,1,1,1,1,0,1
A01736253,1,1,1,1,0,1
A01736692,1,1,1,1,0,0
A01024236,1,1,1,1,0,1
A01655894,1,1,1,1,0,0
A01067373,1,1,1,1,0,1
A01656104,1,1,1,1,0,1
A01732860,1,1,1,1,0,1
A01660982,1,1,1,1,0,1
A01551951,1,1,1,1,0,0
A01732074,1,1,1,1,0,1
A01368093,1,1,1,1,0,1
A01612041,0,1,1,1,0,1
A01735779,1,1,1,1,0,1
A01620679,1,1,1,1,0,1
A01782554,1,1,1,1,0,1
A01708698,1,1,1,1,0,1
A01732798,1,1,1,1,0,1
A01369179,1,1,1,1,0,1
A01707473,1,1,1,1,0,1
A01707827,1,1,1,1,0,1
A01367689,1,1,1,1,0,1
A01383504,1,1,1,1,0,1
A01235605,1,1,1,1,0,0
A01736341,1,1,1,1,0,1
A01568849,1,1,1,1,0,1
A01275943,1,1,1,1,0,1
A01368622,1,1,1,1,0,1
A00573629,1,1,1,1,0,1
A01620767,1,1,1,1,0,1
A01246490,1,1,1,1,0,1
A01236015,1,1,1,1,0,1
A01708634,1,1,1,1,0,1
A01708136,1,1,1,1,0,1
A01254324,1,1,1,1,0,1
A01704109,1,1,1,1,0,1
A01661729,1,1,1,1,0,1
A01736728,1,1,1,1,0,1
A01367697,1,1,1,1,0,1
A01252504,1,1,1,1,0,1
A01702453,1,1,1,1,0,1
A01702718,1,1,1,1,0,1
A01235802,1,1,1,1,0,1
A01611823,0,1,1,1,0,1
A01383305,1,1,1,1,0,1
A00572360,1,1,1,1,0,1
A01707507,1,1,1,1,0,1
A01613342,1,1,1,1,0,1
A00573665,1,1,1,1,0,1
A01383394,1,1,1,1,0,0
A01705391,1,1,1,1,0,1
A01706603,1,1,1,1,0,1
A01424046,1,1,1,1,0,1
A01236280,1,1,1,1,0,1
A01562797,1,1,1,1,0,0
A01704108,1,1,1,1,0,1
A01067454,1,1,1,1,0,1
A01369473,1,1,1,1,0,1
A01736165,1,1,1,1,0,0
A01704781,1,1,1,1,0,1
A01736179,1,1,1,1,0,1
A01708656,1,1,1,1,0,1
A01735425,1,0,1,1,0,1
A01770471,1,1,1,1,0,1
A01412612,1,1,1,1,0,1
A01704805,1,1,1,1,0,1
A01236240,1,1,1,1,0,1
A01562072,1,1,1,1,0,1
A01709040,1,1,1,1,0,1
A01771302,1,1,1,1,0,1
A01254005,1,1,1,1,0,1
A01706592,1,0,1,1,0,1
A01704066,1,1,1,1,0,1
A01254287,1,1,1,1,0,1
A01068307,0,1,1,1,0,1
A01707744,1,1,1,1,0,1
A01704965,1,1,1,1,0,1
A01233983,1,1,1,1,0,1
A01276688,1,1,1,1,0,1
A01770621,1,1,1,1,0,1
A01771110,1,1,1,1,0,1
A01662171,1,1,1,1,0,1
A01562701,1,1,1,1,0,1
A01562831,1,1,1,1,0,1
A01253547,1,1,1,1,0,1
A01708668,1,1,1,1,0,1
A01730078,1,1,1,1,0,1
A01707812,1,1,1,1,0,1
A01735880,1,1,1,1,0,0
A01709610,1,1,1,1,0,1
A01613433,1,1,1,1,0,1
A00344763,1,0,1,1,0,1
A01329809,1,1,1,1,0,1
A01067430,1,1,1,1,0,0
A01254242,1,1,1,1,0,1
A01709192,1,1,1,1,0,1
A01568770,1,1,1,1,0,1
A01741038,1,1,1,1,0,0
A01770852,1,1,1,1,0,1
A01733507,1,1,1,1,0,1
A01625651,1,1,1,1,0,1
A01703852,1,1,1,1,0,1
A01368510,1,1,1,1,0,1
A01411697,1,1,1,1,0,1
A01611897,1,1,1,1,0,1
A01254046,1,1,1,1,0,1
A01236288,1,1,1,1,0,1
A01368801,1,1,1,1,0,1
A01562715,1,1,1,1,0,0
A01703800,1,1,1,1,0,1
A01707746,1,1,1,1,0,1
A01704799,1,1,1,1,0,1
A01704957,1,1,1,1,0,1
A01368550,1,1,1,1,0,1
A01174229,1,1,1,1,0,1
A01254115,1,1,1,1,0,1
A01613338,1,1,1,1,0,1
A01610537,1,1,1,1,0,0
A01067488,1,1,1,1,0,1
A01568802,1,1,1,1,0,1
A01732919,1,1,1,1,0,1
A01275857,1,1,1,1,0,0
A01704817,1,1,1,1,0,1
A01709518,1,1,1,1,0,1
A01236426,1,1,1,1,0,1
A01770417,1,1,1,1,0,1
A01769244,1,1,1,1,0,1
A01708936,1,1,1,1,0,1
A01702625,1,1,1,1,0,1
A01735581,1,1,1,1,0,1
A01704241,1,1,1,1,0,1
A01770771,1,1,1,1,0,1
A01708696,1,1,1,1,0,1
A01731465,1,1,1,1,0,1
A01424731,1,1,1,1,0,1
A01736097,1,1,1,1,0,1
A01613244,1,1,1,1,0,1
A01736416,1,1,1,1,0,0
A01736369,1,1,1,1,0,1
A01704785,1,1,1,1,0,0
A01736468,1,1,1,1,0,1
A01704218,1,1,1,1,0,1
A00232365,1,1,1,1,0,1
A01611041,1,1,1,1,0,1
A01769229,1,1,1,1,0,1
A01235439,1,1,1,1,0,1
A01412568,1,1,1,1,0,1
A01611472,1,1,1,1,0,1
A01253998,1,1,1,1,0,1
A01703331,1,1,1,1,0,1
A01708633,1,1,1,1,0,1
A01412715,1,1,1,1,0,1
A01709212,1,1,1,1,0,1
A01771290,0,1,1,0,0,0
A01368859,1,1,1,1,0,1
A01067574,1,1,1,1,0,1
A01424825,1,1,1,1,0,1
A01771278,1,1,1,1,0,1
A01367788,1,1,1,1,0,1
A01423699,1,1,1,1,0,0
A01368758,1,1,1,1,0,1
A01733582,1,1,1,1,0,1
A01254249,1,1,1,1,0,1
A01736634,1,1,1,1,0,1
A01568537,1,1,1,1,0,1
A01275070,1,1,1,1,0,1
A01252710,1,1,1,1,0,1
A01423465,1,0,1,1,0,1
A01552392,1,1,1,1,0,1
A01611795,1,1,1,1,0,1
A01368477,1,1,1,1,0,1
A01384605,1,1,1,1,0,1
A01703496,1,1,1,1,0,1
A01704486,1,1,1,1,0,1
A01275762,1,1,1,1,0,1
A01706467,1,0,1,1,0,1
A01741528,1,1,1,1,0,1
A01709239,1,1,1,1,0,1
A01351696,1,1,1,1,0,1
A01276773,1,1,1,1,0,1
A01707609,1,1,1,1,0,1
A01254031,1,1,1,1,0,1
A01625565,0,1,1,1,0,1
A01701232,1,1,1,1,0,1
A01704039,1,1,1,1,0,1
A01383509,1,1,1,1,0,1
A01620814,1,1,1,1,0,1
A01613377,1,1,1,1,0,1
A01029175,1,1,1,1,0,1
A01254254,1,1,1,1,0,1
A01252529,1,1,1,1,0,1
A01540312,1,1,1,1,0,1
A01707414,1,1,1,1,0,1
A01351454,1,1,1,1,0,1
A07085320,1,1,1,1,0,1
A01552370,1,1,1,1,0,1
A01703113,1,1,1,1,0,1
A01611671,1,1,1,1,0,1
A01620750,1,1,1,1,0,1
A01236368,1,1,1,1,0,1
A01275287,1,1,1,1,0,1
A01275910,1,1,1,1,0,0
A01770419,1,1,1,1,0,1
A01708435,1,1,1,1,0,1
A01411920,1,1,1,1,0,1
A01733491,1,1,1,1,0,1
A01625521,1,1,1,1,0,1
A01367153,1,1,1,1,0,1
A01704166,1,1,1,1,0,1
A01709179,1,1,1,1,0,1
A01709423,1,1,1,1,0,1
A01252462,1,1,1,1,0,1
A01369208,1,1,1,1,0,1
A01613201,1,1,1,1,0,1
A00573730,0,1,1,1,0,0
A01367051,0,1,1,1,0,0
A01423940,1,1,1,1,0,1
A01708637,1,1,1,1,0,1
A01562870,1,1,1,1,0,1
A01174271,1,1,1,1,0,1
A01708892,1,1,1,1,0,1
A01705014,0,1,1,1,0,1
A01709306,0,1,1,1,0,0
A01568678,1,1,1,1,0,1
A01275702,1,1,1,1,0,1
A01613501,1,1,1,1,0,1
A01741440,1,1,1,1,0,0
A00833834,1,1,1,1,0,1
A01236264,1,1,1,1,0,1
A01708706,1,1,1,1,0,1
A00573273,1,1,1,1,0,1
A01742375,1,1,1,1,0,1
A01706348,1,1,1,1,0,1
A01734951,1,1,1,1,0,1
A01253593,1,1,1,1,0,1
A01707764,1,1,1,1,0,1
A01633716,1,1,1,1,0,1
A00227238,1,1,1,1,0,1
A01026312,1,1,1,1,0,0
A01735983,1,1,1,1,0,1
A01252656,1,1,1,1,0,1
A01771214,1,1,1,1,0,1
A01709605,1,1,1,1,0,1
A01709449,1,1,1,1,0,1
A01700345,1,1,1,1,0,1
A01740754,1,1,1,1,0,0
A01562836,1,1,1,1,0,1
A01026116,1,1,1,1,0,1
A01708603,1,1,1,1,0,1
A01174060,1,1,1,1,0,1
A01425050,1,1,1,1,0,0
A01770713,1,1,1,1,0,1
A01352038,1,1,1,1,0,1
A01424383,1,1,1,1,0,1
A01423897,1,1,1,1,0,1
A01568484,1,1,1,1,0,1
A01568721,1,1,1,1,0,1
A01706693,1,1,1,1,0,1
A01541575,1,1,1,1,0,1
A01662202,1,1,1,1,0,1
A01368521,1,1,1,1,0,0
A01732830,1,1,1,1,0,1
A01736384,1,1,1,1,0,0
A01742417,1,1,1,1,0,1
A01276397,1,1,1,1,0,1
A01625418,1,1,1,1,0,1
A01708659,1,1,1,1,0,1
A01275654,1,1,1,1,0,1
A01368926,1,1,1,1,0,1
A01770316,1,1,1,1,0,1
A01708243,1,1,1,1,0,1
A01424894,1,1,1,1,0,1
A01252615,1,1,1,1,0,1
A01254002,1,1,1,1,0,1
A01254080,1,1,1,1,0,1
A01706488,1,1,1,1,0,1
A01625533,1,1,1,1,0,1
A01708983,1,1,1,1,0,1
A01277025,1,1,1,1,0,1
A01771217,1,1,1,1,0,1
A01351777,1,1,1,1,0,1
A01704208,1,1,1,1,0,1
A00572511,1,1,1,1,0,1
A01275152,1,1,1,1,0,1
A01026421,1,1,1,1,0,1
A01276786,1,1,1,1,0,1
A01254180,1,1,1,1,0,1
A01611300,1,1,1,1,0,1
A01352580,1,1,1,1,0,1
A01383525,1,1,1,1,0,0
A01412611,1,1,1,1,0,1
A01236279,1,1,1,1,0,1
A01709109,1,1,1,1,0,1
A01747348,0,0,1,1,0,1
A01235697,1,1,1,1,0,1
A01424632,1,1,1,1,0,1
A01422787,1,1,1,1,0,1
A01613259,1,1,1,1,0,1
A00571865,1,1,1,1,0,1
A01709553,1,0,1,1,0,1
A01704534,1,1,1,1,0,1
A01704171,1,1,1,1,0,0
A01734590,1,1,1,1,0,1
A01736196,1,1,1,1,0,1
A01254209,1,1,1,1,0,1
A01277184,1,1,1,1,0,1
A01369387,1,1,1,1,0,1
A01708217,1,1,1,1,0,1
A01730835,1,1,1,1,0,1
A01702656,1,1,1,1,0,1
A01732338,1,1,1,1,0,0
A00835132,1,1,1,1,0,1
A01734604,1,1,1,1,0,1
A01552359,1,1,1,1,0,1
A00572331,1,1,1,1,0,1
A01730325,1,1,1,1,0,1
A01732761,1,1,1,1,0,0
A01368069,1,1,1,1,0,1
A01704828,1,1,1,1,0,1
A01422563,1,1,1,1,0,1
A01620684,1,1,1,1,0,1
A01709432,1,1,1,1,0,1
A01368044,1,1,1,1,0,1
A01704463,1,1,1,1,0,1
A01275708,1,1,1,1,0,0
A01275340,1,1,1,1,0,1
A01735306,1,1,1,1,0,1
A01562718,1,1,1,1,0,0
A01736513,1,1,1,1,0,0
A01703500,1,1,1,1,0,1
A01277213,1,1,1,1,0,0
A00573705,1,1,1,1,0,1
A01424457,1,1,1,1,0,1
A01254299,1,1,1,1,0,1
A00573506,1,1,1,1,0,1
A01254017,1,1,1,1,0,1
A01740713,1,1,1,1,0,1
A01731628,1,1,1,1,0,1
A01704461,1,1,1,1,0,1
A01708597,1,1,1,1,0,0
A01562067,1,1,1,1,0,1
A00832942,1,1,1,1,0,1
A01611333,1,1,1,1,0,0
A01275373,1,1,1,1,0,1
A00572228,1,1,1,1,0,1
A01351871,1,1,1,1,0,1
A01656703,1,1,1,1,0,1
A01705713,1,1,1,1,0,1
A01769045,1,1,1,1,0,1
A01254245,1,1,1,1,0,1
A01620773,1,1,1,1,0,1
A01368601,1,1,1,1,0,1
A01275812,1,1,1,1,0,1
A01383453,1,1,1,1,0,1
A01704813,1,1,1,1,0,1
A01735897,1,1,1,1,0,1
A00573465,1,1,1,1,0,1
A01252829,1,1,1,1,0,1
A01708933,1,1,1,1,0,0
A00832661,1,1,1,1,0,1
A01254010,1,1,1,1,0,0
A01068157,1,1,1,1,0,1
A01369047,1,1,1,1,0,1
A01253289,1,1,1,1,0,1
A01611602,1,1,1,1,0,1
A01703112,1,1,1,1,0,1
A01708971,1,1,1,1,0,1
A01252608,0,1,1,1,0,0
A01771066,1,1,1,1,0,1
A01771167,1,1,1,1,0,1
A01611679,1,1,1,1,0,1
A01770615,1,1,1,1,0,1
A01369297,1,1,1,1,0,1
A01753920,1,1,1,1,0,1
A00571812,1,1,1,1,0,0
A01235613,1,1,1,1,0,1
A01368987,1,1,1,1,0,1
A00572250,1,1,1,1,0,1
A01740964,1,1,1,1,0,1
A01368835,1,1,1,1,0,1
A01252767,1,1,1,1,0,1
A01709411,1,1,1,1,0,1
A01658100,1,1,1,1,0,1
A01771207,1,1,1,1,0,1
A01708669,1,1,1,1,0,0
A01709367,1,1,1,1,0,1
A01708118,1,1,1,1,0,1
A01610594,1,1,1,1,0,1
A01552357,1,1,1,1,0,1
A01275811,1,1,1,1,0,1
A01236271,1,1,1,1,0,1
A01740443,1,1,1,1,0,1
A01368254,1,1,1,1,0,1
A01382640,1,1,1,1,0,1
A01704536,1,1,1,1,0,1
A01254079,1,1,1,1,0,1
A01275795,1,1,1,1,0,1
A01620812,1,1,1,1,0,1
A01704794,1,1,1,1,0,1
A01562652,1,1,1,1,0,1
A01748786,1,1,1,1,1,1
A01735188,1,0,1,1,0,1
A01704541,1,1,1,1,0,1
A00829203,1,1,1,1,0,1
A00829550,1,1,1,1,0,1
A01254121,1,1,1,1,0,1
A01368202,1,1,1,1,0,1
A01367728,1,1,1,1,0,1
A01252528,1,1,1,1,0,1
A01735275,1,1,1,1,0,1
A01732599,1,1,1,1,0,1
A01736642,0,1,1,1,0,1
A01611477,1,1,1,1,0,1
A01704474,1,1,1,1,0,1
A00833024,1,1,1,1,0,1
A01736078,1,1,1,1,0,1
A01704826,1,1,1,1,0,1
A01246816,1,1,1,1,0,1
A01424785,1,1,1,1,0,0
A01610961,1,1,1,1,0,1
A01383356,1,1,1,1,0,1
A01423579,1,1,1,1,0,1
A01368998,1,1,1,1,0,1
A01771023,1,1,1,1,0,1
A01734760,1,1,1,1,0,1
A01734193,1,1,1,1,0,1
A01277247,1,1,1,1,0,0
A01730215,1,1,1,1,0,1
A01235829,1,1,1,1,0,1
A01703339,1,1,1,1,0,1
A01368648,1,1,1,1,0,0
A01736704,1,1,1,1,0,1
A01275904,1,1,1,1,0,1
A01734651,1,0,1,1,0,1
A01613194,1,1,1,1,0,1
A01771310,1,1,1,1,0,1
A01704568,1,1,1,1,0,1
A01384621,1,1,1,1,0,0
A01709515,1,1,1,1,0,1
A01351792,1,1,1,1,0,1
A01562816,1,1,1,1,0,1
A01707503,1,1,1,1,0,1
A01236223,1,1,1,1,0,1
A00573283,1,1,1,1,0,1
A00834506,1,1,1,1,0,1
A01736588,1,1,1,1,0,0
A01253706,1,1,1,1,0,1
A01276790,1,1,1,1,0,1
A01735822,1,1,1,1,0,1
A01277169,1,1,1,1,0,1
A01236281,1,1,1,1,0,1
A01641457,1,1,1,1,0,1
A01625557,1,1,1,1,0,1
A01026445,0,0,1,1,0,1
A00573680,0,1,1,1,0,1
A01730483,1,1,1,1,0,1
A01742211,1,1,1,1,0,1
A01735906,1,1,1,1,0,1
A01733092,1,1,1,1,0,1
A01424904,1,1,1,1,0,1
A01411665,1,1,1,1,0,1
A01740794,1,1,1,1,0,1
A01705256,1,1,1,1,0,1
A01661096,1,1,1,1,0,1
A01704468,1,1,1,1,0,1
A01771135,1,1,1,1,0,0
A01251879,1,1,1,1,0,1
A01734960,1,1,1,1,0,1
A00573194,1,1,1,1,0,1
A01568590,1,1,1,1,0,1
A01368698,1,1,1,1,0,1
A01708825,1,1,1,1,0,1
A01383486,1,1,1,1,0,1
A01704959,1,1,1,1,0,1
A01613058,1,1,1,1,0,1
A01735839,1,1,1,1,0,1
A01254279,1,1,1,1,0,1
A01708462,1,1,1,1,0,1
A01709151,1,1,1,1,0,1
A01253603,1,1,1,1,0,1
A01736464,1,1,1,1,0,1
A01562624,1,1,1,1,0,0
A01254247,1,1,1,1,0,1
A01736138,1,1,1,1,0,1
A01735676,1,1,1,1,0,1
A01562733,1,1,1,1,0,1
A01541830,1,1,1,1,0,0
A01736441,1,1,1,1,0,1
A01254112,1,1,1,1,0,1
A01254006,1,1,1,1,0,1
A01277335,1,1,1,1,0,1
A01701557,1,1,1,1,0,1
A01252450,1,1,1,1,0,1
A01700632,0,1,1,1,0,1
A01382646,1,0,1,1,0,1
A01703076,1,1,1,1,0,1
A01252491,1,1,1,1,0,1
A01731807,1,1,1,1,0,1
A01745420,1,1,1,1,0,1
A01368665,1,1,1,1,0,1
A01704843,1,1,1,1,0,0
A01703396,1,0,1,1,0,1
A01611966,0,1,1,1,0,1
A01275885,1,1,1,1,0,1
A01552421,1,1,1,1,0,1
A01423759,1,1,1,1,0,1
A01709096,1,1,1,1,0,1
A01736473,1,1,1,1,0,1
A01276679,1,1,1,1,0,1
A01734881,1,1,1,1,0,1
A01709565,1,1,1,1,0,1
A01639662,1,1,1,1,0,1
A01708707,1,1,1,1,0,1
A01236298,1,1,1,1,0,1
A01702878,1,1,1,1,0,1
A01368649,1,1,1,1,0,1
A01747422,1,1,1,1,0,0
A01748450,1,1,1,1,0,1
A01703350,1,1,1,1,0,1
A01709320,1,1,1,1,0,1
A01369094,1,1,1,1,0,1
A01769237,1,1,1,1,0,1
A01562534,1,1,1,1,0,1
A01568753,1,1,1,1,0,1
A01369318,1,1,1,1,0,1
A01734894,1,1,1,1,0,1
A01709050,1,1,1,1,0,1
A01368711,1,1,1,1,0,1
A01709529,1,1,1,1,0,1
A01708959,1,1,1,1,0,1
A01566851,1,1,1,1,0,1
A01740960,1,1,1,1,0,0
A01424864,1,1,1,1,0,1
A01732672,1,1,1,1,0,1
A01709150,1,1,1,1,0,1
A01275741,1,1,1,1,0,1
A01383015,0,1,1,1,0,1
A01736353,1,1,1,1,0,1
A01368986,1,1,1,1,0,1
A00573686,1,1,1,1,0,1
A01272258,0,1,1,1,0,1
A00571966,1,1,1,1,0,1
A01732585,1,1,1,1,0,1
A01368520,1,1,1,1,0,1
A01708601,1,1,1,1,0,1
A01703875,1,1,1,1,0,1
A01568718,1,1,1,1,0,1
A01703771,1,1,1,1,0,1
A01709571,1,1,1,1,0,1
A01740103,1,1,1,1,0,0
A01704471,1,1,1,1,0,1
A01275692,1,1,1,1,0,1
A01709043,1,1,1,1,0,1
A01275959,1,1,1,1,0,1
A01734913,1,1,1,1,0,1
A01770319,1,1,1,1,0,1
A01708618,1,1,1,1,0,1
A01736080,1,1,1,1,0,1
A01742343,0,1,1,1,0,1
A01613475,1,1,1,1,0,1
A01369168,1,1,1,1,0,1
A01731877,1,1,1,1,0,1
A01742103,1,1,1,1,0,1
A01735692,1,1,1,1,0,0
A00573439,1,1,1,1,0,1
A01704231,0,1,1,1,0,1
A01562639,1,1,1,1,0,1
A01562798,1,1,1,1,0,1
A01611912,0,1,1,1,0,0
A01707754,1,1,1,1,0,1
A01736702,1,1,1,1,0,0
A01611699,1,1,1,1,0,1
A01661090,1,1,1,1,0,1
A01351923,1,1,1,1,0,1
A01705211,1,1,1,1,0,1
A01612438,0,1,1,1,0,1
A01562644,1,1,1,1,0,1
A01708806,1,1,1,1,0,1
A01562903,0,1,1,1,0,1
A01234340,1,1,1,1,0,1
A01732352,1,1,1,1,0,1
A01275549,1,1,1,1,0,1
A01384425,1,1,1,1,0,1
A01383482,1,1,1,1,0,1
A01276805,1,1,1,1,0,1
A01384482,1,1,1,1,0,0
A01424837,1,1,1,1,0,1
A01660022,1,1,1,1,0,1
A01384708,1,1,1,1,0,1
A01275372,1,1,1,1,0,1
A01562803,1,1,1,1,0,1
A01383402,1,1,1,1,0,1
A01704559,1,1,1,1,0,0
A01709027,1,1,1,1,0,1
A01770855,1,1,1,1,0,1
A01771304,1,1,1,1,0,1
A00572354,1,1,1,1,0,1
A01734878,1,1,1,1,0,1
A01611979,1,1,1,1,0,1
A01411838,1,1,1,0,0,1
A01423893,1,1,1,1,0,1
A01708154,1,1,1,1,0,1
A01277024,1,1,1,1,0,1
A01252493,1,1,1,1,0,1
A01252797,1,1,1,1,0,0
A01541334,1,1,1,1,0,1
A01708607,1,1,1,1,0,1
A01708823,1,1,1,1,0,1
A01236398,1,1,1,1,0,1
A01704514,1,1,1,1,0,1
A01562510,1,1,1,1,0,1
A01708602,1,1,1,1,0,1
A01252368,1,1,1,1,0,1
A01708915,1,1,1,1,0,1
A01770848,1,1,1,1,0,1
A01277318,1,1,1,1,0,1
A01424905,1,1,1,1,0,1
A01236419,1,1,1,1,0,0
A01552354,1,1,1,1,0,1
A01254292,1,1,1,1,0,1
A01625539,1,1,1,1,0,1
A01384668,1,1,1,1,0,1
A01735301,1,1,1,1,0,1
A01770465,0,1,1,1,1,1
A00833341,1,1,1,1,0,1
A01709375,1,1,1,1,0,1
A01709653,1,1,1,1,0,1
A01769658,1,1,1,1,0,1
A01708746,1,1,1,1,0,1
A01562731,1,1,1,1,0,1
A01701453,1,1,1,1,0,1
A01702148,1,1,1,1,0,1
A01709645,1,1,1,1,0,1
A01736648,1,1,1,1,0,1
A01610750,1,1,1,1,0,1
A01562590,1,1,1,1,0,1
A01735819,1,1,1,1,0,1
A01275352,1,1,1,1,0,1
A00572225,1,1,1,1,0,1
A01708803,1,1,1,1,0,1
A01235427,1,1,1,1,0,1
A01611812,1,1,1,1,0,1
A01369254,1,1,1,1,0,1
A01770731,1,1,1,1,0,1
A01254255,1,1,1,1,0,1
A00572492,1,1,1,1,0,0
A01252657,1,1,1,1,0,1
A01369403,1,1,1,1,0,1
A01742361,1,1,1,1,0,1
A01620846,1,1,1,1,0,1
A01251898,1,1,1,1,0,1
A01708186,1,1,1,1,0,1
A01368979,1,1,1,1,0,1
A01735768,1,1,1,1,0,0
A01611929,1,1,1,1,0,1
A01611899,0,1,1,1,0,1
A01566605,1,1,1,1,0,1
A01704156,1,1,1,1,0,1
A01275635,1,1,1,1,0,1
A01252508,1,1,1,1,0,1
A01708683,1,1,1,1,0,1
A01254237,1,1,1,1,0,1
A01625555,1,0,1,1,0,1
A01736688,1,1,1,1,0,1
A01611905,1,1,1,1,0,1
A01732958,1,1,1,1,0,0
A01770888,1,1,1,1,0,1
A01423082,1,1,1,1,0,1
A01611650,1,1,1,1,0,1
A01236189,1,1,1,1,0,1
A01424915,1,1,1,1,0,0
A01611663,1,1,1,1,0,1
A01704732,1,1,1,1,0,1
A01277195,1,1,1,1,0,0
A01425021,1,1,1,1,0,1
A01383587,1,1,1,1,0,1
A01235572,1,1,1,1,0,1
A01735829,1,1,1,1,0,0
A01562841,1,1,1,1,0,1
A01423614,1,1,1,1,0,0
A01771001,1,1,1,1,0,1
A01735931,1,1,1,1,0,1
A00833999,1,1,1,1,0,1
A01613476,1,1,1,1,0,1
A00573373,1,1,1,1,0,1
A01275451,1,1,1,1,0,1
A01735216,1,1,1,1,0,1
A01246519,1,1,1,1,0,1
A00573615,1,1,1,1,0,1
A01770069,1,1,1,1,0,1
A01704560,1,1,1,1,0,0
A01412637,1,1,1,1,0,1
A01771090,1,1,1,1,0,1
A01236408,1,1,1,1,0,1
A01706708,1,1,1,1,0,1
A01771055,1,1,1,1,0,1
A01562646,1,1,1,1,0,1
A01633818,1,1,1,1,0,1
A01277267,1,1,1,1,0,1
A01736346,1,1,1,1,0,1
A01252419,1,1,1,1,0,1
A01275757,1,1,1,1,0,1
A01254039,1,1,1,1,0,1
A01740728,1,1,1,1,0,1
A01625646,1,1,1,1,0,1
A01252429,1,1,1,1,0,1
A01252373,1,1,1,1,0,1
A01747904,1,1,1,1,0,1
A01541164,1,1,1,1,0,1
A01254073,1,1,1,1,0,1
A01254210,1,1,1,1,0,1
A01384705,1,1,1,1,0,1
A01562793,1,1,1,1,0,1
A01704824,1,1,1,1,0,1
A01732743,1,1,1,1,0,1
A01368490,1,1,1,1,0,1
A01704220,1,1,1,1,0,1
A01733087,1,1,1,1,0,1
A01707610,1,1,1,1,0,1
A01236391,1,1,1,1,0,1
A01735939,1,1,1,1,0,1
A01369450,1,1,1,1,0,1
A01736120,1,1,1,1,0,1
A01252618,1,1,1,1,0,1
A01253852,1,1,1,1,0,1
A01742270,1,1,1,1,0,1
A01246815,1,1,1,1,0,1
A01252362,1,1,1,1,0,1
A01705390,1,1,1,1,0,1
A01709524,1,1,1,1,0,1
A01423864,1,1,1,1,0,1
A01620689,1,1,1,1,0,1
A01562714,1,1,1,1,0,1
A01234472,1,1,1,1,0,1
A01736547,1,1,1,1,0,1
A01708839,1,1,1,1,0,1
A00756853,1,1,1,1,0,1
A01568888,1,1,1,1,0,1
A01367908,1,1,1,1,0,1
A01620737,1,1,1,1,0,1
A01612958,1,1,1,1,0,1
A01411964,1,1,1,1,0,1
A01736589,1,1,1,1,0,1
A01736014,1,1,1,1,0,1
A01351765,1,1,1,1,0,1
A01423331,1,1,1,1,0,0
A01704075,1,1,1,1,0,1
A01252477,1,1,1,1,0,1
A01709475,0,1,1,1,0,1
A01707758,1,1,1,1,0,1
A01562594,1,1,1,1,0,1
A01708653,1,1,1,1,0,0
A01562528,1,1,1,1,0,1
A01702919,0,1,1,1,0,1
A01661692,1,1,1,1,0,1
A01613514,1,1,1,1,0,1
A01368498,1,1,1,1,0,1
A01568672,1,1,1,1,0,1
A01735762,0,1,1,1,0,0
A01740874,1,1,1,1,0,1
A01368953,1,1,1,1,0,1
A01369993,1,1,1,1,0,1
A01254044,1,1,1,1,0,1
A01611661,1,1,1,1,0,1
A01732804,1,1,1,1,0,0
A01705788,1,1,1,1,0,1
A01067932,1,1,1,1,0,1
A01709263,1,1,1,1,0,1
A01541824,1,1,1,1,0,1
A01656575,1,1,1,1,0,1
A01736011,1,1,1,1,0,1
A00572240,1,1,1,1,0,1
A01383723,1,1,1,1,0,0
A01735284,1,1,1,1,0,1
A00573592,1,1,1,1,0,1
A01275942,1,1,1,1,0,1
A01276277,1,1,1,1,0,1
A01068194,1,1,1,1,0,1
A01707557,1,1,1,1,0,1
A00573537,1,1,1,1,0,1
A01742465,1,1,1,1,0,0
A01736390,1,1,1,1,0,1
A01252697,1,1,1,1,0,1
A01384528,1,1,1,1,0,1
A01742363,1,1,1,1,0,1
A01620431,1,1,1,1,0,1
A01611686,1,1,1,1,0,1
A00572195,1,1,1,1,0,1
A01368818,1,1,1,1,0,1
A01383341,1,1,1,1,0,0
A01732673,1,1,1,1,0,1
A01704569,1,1,1,1,0,1
A01770061,1,1,1,1,0,1
A01736001,1,1,1,1,0,1
A01708798,1,1,1,1,0,1
A01611657,1,1,1,1,0,1
A01732649,1,1,1,1,0,1
A01704189,1,1,1,1,0,1
A01705409,1,1,1,1,0,1
A01625287,1,0,1,1,0,1
A01412443,1,1,1,1,0,1
A01252533,1,1,1,1,0,1
A01734549,1,1,1,1,0,1
A01734839,1,1,1,1,0,1
A01275225,1,0,1,1,0,1
A01412708,1,1,1,1,0,1
A00834444,1,1,1,1,0,1
A01732584,1,1,1,1,0,1
A01704455,1,1,1,1,0,1
A01253545,1,1,1,1,0,1
A01277168,1,1,1,1,0,1
A01236442,1,1,1,1,0,1
A01611673,1,1,1,1,0,1
A01235813,1,1,1,1,0,1
A01253837,1,1,1,1,0,1
A01613341,1,1,1,1,0,1
A01384631,1,1,1,1,0,1
A01770892,1,1,1,1,0,1
A01562698,1,1,1,1,0,1
A01708940,1,1,1,1,0,1
A01562823,1,1,1,1,0,1
A01236447,1,1,1,1,0,1
A01368701,1,1,1,1,0,1
A01732820,1,1,1,1,0,1
A01732821,1,1,1,1,0,0
A01369224,1,1,1,1,0,1
A01235590,1,1,1,1,0,1
A01747057,1,1,1,1,0,1
A01708629,1,1,1,1,0,1
A01736640,1,1,1,1,0,1
A01704505,1,1,1,1,0,1
A01735286,1,1,1,1,0,1
A00573441,1,1,1,1,0,1
A01708856,1,1,1,1,0,1
A00572923,1,1,1,1,0,1
A01783032,1,1,1,1,0,1
A01770095,1,1,1,1,0,1
A00833452,1,1,1,1,0,1
A01709635,1,1,1,1,0,1
A01423575,1,1,1,1,0,0
A01771106,1,1,1,1,0,0
A01708934,1,1,1,1,0,1
A01771264,1,1,1,1,0,1
A01351937,1,1,1,1,0,1
A01735575,1,1,1,1,0,1
A01736271,1,1,1,1,1,1
A01233995,1,1,1,1,0,1
A01703521,1,1,1,1,0,1
A01704288,1,1,1,1,0,1
A01384606,1,1,1,1,0,1
A00572185,1,1,1,1,0,1
A01709095,1,1,1,1,0,1
A01709611,1,1,1,1,0,1
A01368511,1,1,1,1,0,1
A01067995,1,1,1,1,0,1
A01730611,1,1,1,1,0,1
A01368902,1,1,1,1,0,1
A01741036,1,1,1,1,0,0
A01252409,1,1,1,1,0,1
A01704970,1,1,1,1,0,1
A01770415,1,1,1,1,0,1
A01709649,1,1,1,1,0,1
A01709064,1,1,1,1,0,1
A01254158,1,1,1,1,0,1
A01736724,1,1,1,1,0,1
A01275681,1,1,1,1,0,1
A01733762,1,1,1,1,0,1
A01277337,1,1,1,1,0,1
A01704776,1,1,1,1,0,0
A01252830,1,1,1,1,0,1
A01236462,1,1,1,1,0,1
A01620515,1,1,1,1,0,1
A01741013,1,1,1,1,0,1
A01562790,1,1,1,1,0,0
A01067450,1,1,1,1,0,1
A01562318,1,1,1,1,0,1
A00572473,1,1,1,1,0,0
A01770091,1,1,1,1,0,1
A01275578,1,1,1,1,0,1
A00573432,1,1,1,1,0,1
A01708609,1,1,1,1,0,1
A00573637,1,1,1,1,0,1
A00573517,1,1,1,1,0,1
A01562564,1,1,1,1,0,1
A01709113,1,1,1,1,0,1
A01770844,1,1,1,1,0,1
A01709308,1,1,1,1,0,1
A01625517,1,1,1,1,0,1
A01709319,1,1,1,1,0,1
A01566888,1,1,1,1,0,1
A01423596,1,1,1,1,0,1
A01275667,1,1,1,1,0,1
A01742468,1,1,1,1,0,1
A01769679,1,1,1,1,0,1
A01708646,1,1,1,1,0,1
A01236421,1,1,1,1,0,1
A01254011,1,1,1,1,0,1
A01368572,1,1,1,1,0,1
A01735928,1,1,1,1,0,0
A01620825,1,1,1,1,0,1
A01771281,1,1,1,1,0,1
A01703030,1,1,1,1,0,1
A01770382,1,1,1,1,0,1
A01733319,1,1,1,1,0,1
A01613196,1,1,1,1,0,1
A01770843,1,1,1,1,0,1
A01424769,1,1,1,1,0,1
A01770913,1,1,1,1,0,1
A01704132,1,1,1,1,0,1
A01701892,1,1,1,1,0,1
A01735894,1,1,1,1,0,1
A01562606,1,1,1,1,0,1
A01704205,1,1,1,1,0,1
A01736400,1,1,1,1,0,1
A01369027,1,1,1,1,0,1
A00573363,1,1,1,1,0,1
A01562769,1,1,1,1,0,1
A01771312,1,1,1,1,0,1
A01708805,1,1,1,1,0,1
A01254281,1,1,1,1,0,1
A01275156,1,1,1,1,0,1
A01368266,0,0,1,1,0,1
A01709481,1,1,1,1,0,0
A01611780,1,1,1,1,0,1
A01742271,1,1,1,1,0,1
A01562588,1,1,1,1,0,1
A01026478,1,1,1,1,0,0
A01769989,1,1,1,1,0,1
A01424543,1,1,1,1,0,1
A01246781,1,1,1,1,0,1
A01235315,1,1,1,1,0,1
A01655982,1,1,1,1,0,1
A01708638,1,1,1,1,0,1
A01770972,1,1,1,1,0,1
A01734478,1,1,1,1,1,1
A01254337,1,1,1,1,0,1
A01733198,1,1,1,1,0,1
A01369133,0,1,1,0,0,1
A01709499,1,1,1,1,0,1
A01552391,1,1,1,1,0,1
A01277358,1,1,1,1,0,1
A01730601,1,1,1,1,0,1
A01707833,1,1,1,1,0,1
A01235213,1,1,1,1,0,1
A01368505,1,1,1,1,0,1
A01254021,1,1,1,1,0,1
A01620659,1,1,1,1,0,1
A01252624,1,1,1,1,0,1
A01252502,1,1,1,1,0,1
A01235671,1,1,1,1,0,1
A01412414,1,1,1,1,0,1
A01254127,1,1,1,1,0,1
A01731405,1,1,1,1,0,1
A01567023,1,1,1,1,0,1
A01655495,1,1,1,1,0,1
A01611707,1,1,1,1,0,1
A01704265,1,1,1,1,0,1
A01611759,1,1,1,1,0,1
A01733047,1,1,1,1,0,1
A01252196,1,1,1,1,0,1
A01236401,1,1,1,1,0,1
A01254201,1,1,1,1,0,1
A01025125,1,1,1,1,0,1
A01383415,1,1,1,1,0,0
A01275707,1,1,1,1,0,0
A01611807,1,1,1,1,0,1
A01736350,1,1,1,1,0,1
A01067682,1,1,1,1,0,1
A01384511,1,1,1,1,0,1
A00572481,0,1,1,1,0,1
A01732874,1,1,1,1,0,1
A01769459,1,1,1,1,0,0
A01707425,1,1,1,1,0,1
A01709278,1,1,1,1,0,1
A01735814,1,1,1,1,0,1
A01277254,1,1,1,1,0,0
A01252422,1,1,1,1,0,1
A01253675,1,1,1,1,0,1
A01735317,1,1,1,1,0,1
A01771053,1,1,1,1,0,1
A01770096,1,1,1,1,0,1
A01625572,0,1,1,1,0,1
A01423585,1,1,1,0,0,1
A01733659,1,1,1,1,0,1
A01708610,1,1,1,1,0,0
A00573676,1,1,1,1,0,1
A01625544,1,1,1,1,0,1
A01424168,1,1,1,1,0,1
A01275581,1,1,1,1,0,1
A01740819,1,1,1,1,0,1
A01735339,1,1,1,1,0,1
A00573425,1,1,1,1,0,1
A01424819,1,1,1,1,0,1
A01384761,1,1,1,1,0,1
A01367687,1,1,1,1,0,1
A01742316,1,1,1,1,0,0
A00571863,1,1,1,1,0,1
A01275562,1,1,1,1,0,1
A01708222,1,1,1,1,1,1
A01423618,1,1,1,1,0,1
A01424602,1,1,1,1,0,1
A01252496,1,1,1,1,0,1
A01275673,1,1,1,1,0,0
A01368925,1,1,1,1,0,1
A01235830,1,1,1,1,0,0
A01742101,1,1,1,1,0,1
A01709198,1,1,1,1,0,1
A01704125,1,1,1,1,0,1
A01612028,1,1,1,1,0,1
A01742435,1,1,1,1,0,1
A01620772,1,1,1,1,0,1
A01423655,1,1,1,1,0,1
A01770718,1,1,1,1,0,1
A01734838,1,1,1,1,0,1
A01252606,1,1,1,1,0,1
A01771246,1,1,1,1,0,1
A01709312,1,1,1,1,0,1
A01234324,1,1,1,1,0,1
A01662616,1,1,1,1,0,1
A01708747,1,1,1,1,0,1
A01732683,1,1,1,1,0,1
A01735331,1,1,1,1,0,1
A01740809,1,1,1,1,0,1
A01383013,1,1,1,1,0,1
A01732568,1,1,1,1,0,1
A01351993,1,1,1,1,0,1
A01368774,1,1,1,1,0,1
A01708737,1,1,1,1,0,1
A00833375,1,1,1,1,0,1
A00834025,1,1,1,1,0,1
A01612022,1,1,1,1,0,1
A07085342,1,1,1,1,0,1
A01620841,1,1,1,1,0,1
A01735770,1,1,1,1,0,1
A01708997,1,1,1,1,0,1
A01736278,1,1,1,1,0,1
A01661202,1,1,1,1,0,1
A01736110,1,1,1,1,0,1
A01771212,1,1,1,1,0,1
A01026472,1,1,1,1,0,1
A01367598,0,1,1,0,0,1
A01733386,1,1,1,1,0,1
A00572501,1,1,1,1,0,1
A01562208,1,0,1,1,0,1
A01613478,1,1,1,1,0,1
A01569056,1,1,1,1,0,1
A01424709,1,1,1,1,0,1
A01736007,1,1,1,1,0,1
A01368809,1,1,1,1,0,0
A01254243,1,1,1,1,0,1
A01742256,1,1,1,1,0,1
A01702913,1,1,1,1,0,1
A01540858,1,1,1,1,0,1
A01741062,1,1,1,1,0,1
A01568652,1,1,1,1,0,1
A01412738,1,1,1,1,0,1
A01611161,1,1,1,1,0,1
A01384613,1,1,1,1,0,1
A01275542,1,1,1,1,0,1
A01731240,1,1,1,1,0,1
A01611676,1,1,1,1,0,1
A01383491,1,1,1,1,0,1
A01735965,1,1,1,1,0,1
A01704143,1,1,1,1,0,0
A01705213,1,1,1,1,0,1
A01368664,1,1,1,1,0,1
A01366166,0,1,1,1,0,1
A01733283,1,1,1,1,0,1
A01709621,1,1,1,1,0,0
A01611453,1,1,1,1,0,1
A01252431,1,1,1,1,0,1
A01568838,1,1,1,1,0,1
A01736149,1,1,1,1,0,1
A01771008,1,1,1,1,0,1
A01422660,1,1,1,1,0,1
A01411319,1,1,1,1,0,1
A01704983,1,1,1,1,0,1
A01254029,1,1,1,1,0,1
A01611345,1,1,1,1,0,0
A01562654,1,1,1,1,0,0
A01747896,1,1,1,1,0,1
A01277284,1,1,1,1,0,1
A01709559,1,1,1,1,0,1
A01656021,1,1,1,1,0,1
A01704078,1,1,1,1,0,1
A01368717,1,1,1,1,0,1
A01424822,1,1,1,1,0,1
A01754774,1,1,1,1,0,1
A01733565,1,1,1,1,0,1
A01736322,1,1,1,1,0,1
A01740671,1,1,1,1,0,1
A01736109,1,1,1,1,0,1
A01735913,1,1,1,1,0,0
A01610529,1,1,1,1,0,1
A00572335,1,1,1,1,0,1
A01562819,1,1,1,1,0,1
A00570967,1,1,1,1,0,1
A00573617,1,1,1,1,0,1
A01736036,1,1,1,1,0,1
A00823067,1,1,1,1,0,1
A01351954,1,1,1,1,0,1
A01736370,1,1,1,1,0,1
A01625575,1,1,1,1,0,1
A01252498,1,1,1,1,0,1
A01709182,1,1,1,1,0,1
A01703953,1,1,1,1,0,1
A01282405,1,1,1,1,0,1
A01177777,1,1,1,1,0,1
A01708019,1,1,1,1,0,1
A01284788,1,1,1,1,0,1
A01708368,1,1,1,1,0,1
A01236460,1,1,1,1,0,1
A01709211,1,1,1,1,0,1
A01177809,0,1,1,1,0,1
A01412763,1,1,1,1,0,1
A01740730,1,1,1,1,0,1
A01383561,1,1,1,1,0,1
A01552366,1,1,1,1,0,1
A01770895,1,1,1,1,0,1
A01068231,1,1,1,1,0,1
A01424983,1,1,1,1,0,1
A01734671,1,1,1,1,0,1
A01747176,1,1,1,1,0,1
A01702170,1,1,1,1,0,1
A01174047,1,1,1,1,0,0
A01704221,1,1,1,1,0,1
A01662587,1,1,1,1,0,1
A01039771,1,1,1,1,0,1
A01625644,1,1,1,1,0,1
A01704025,1,1,1,1,0,1
A01412635,1,1,1,1,0,1
A01424947,1,1,1,1,0,1
A01708623,1,1,1,1,0,1
A00832239,1,1,1,1,0,1
A00832309,1,1,1,1,0,1
A01236362,1,1,1,1,0,1
A01770726,1,1,1,1,0,1
A01284675,1,1,1,1,0,1
A01709578,1,1,1,1,0,1
A01254200,1,1,1,1,0,1
A01283848,1,1,1,1,0,1
A01382749,1,1,1,1,0,1
A00821509,1,1,1,1,1,1
A01610870,1,1,1,1,1,1
A01236275,1,1,1,1,0,1
A01770915,1,1,1,1,0,1
A00835075,1,1,1,1,0,1
A01721523,1,1,1,1,0,1
A01173946,1,1,1,1,0,1
A01721308,1,1,1,1,1,1
A01177516,1,1,1,1,0,1
A01382956,1,1,1,1,0,1
A01634228,1,1,1,1,0,1
A00830311,1,1,1,1,0,1
A01284228,1,1,1,1,0,1
A01197648,1,1,1,1,0,1
A01173861,1,1,1,1,0,1
A01721440,0,0,1,1,1,1
A01177528,1,1,1,1,0,1
A01745839,1,1,1,1,0,1
A01721478,1,1,1,1,0,1
A01284452,1,1,1,1,0,1
A01383179,1,1,1,1,0,1
A01383195,1,1,1,1,0,1
A01284730,1,1,1,1,0,1
A01746529,1,1,1,1,0,1
A01368205,1,1,1,1,0,1
A01026211,1,1,1,1,0,1
A01197744,0,0,1,1,1,1
A01721182,1,1,1,1,0,1
A01177578,1,1,1,1,0,1
A01197975,1,1,1,1,0,1
A00832387,1,1,1,1,0,1
A01562435,1,1,1,1,0,1
A01280619,1,1,1,1,0,1
A01747001,1,1,1,1,0,0
A01383318,1,1,1,1,0,1
A01026306,1,1,1,1,0,1
A01284602,1,1,1,1,0,1
A01284951,1,1,1,1,0,1
A01740685,1,1,1,1,0,1
A01177954,1,1,1,1,0,0
A01620662,1,1,1,1,0,1
A00833763,1,1,1,1,0,1
A01383314,1,1,1,1,0,1
A01704117,1,1,1,1,0,1
A01383329,1,1,1,1,0,0
A01039816,1,1,1,1,0,1
A01721640,1,1,1,1,0,0
A01552351,1,1,1,1,0,1
A01365126,1,1,1,1,1,1
A01635418,1,1,1,1,0,1
A01734554,1,1,1,1,0,1
A01283445,1,1,1,1,0,1
A01378065,1,1,1,1,0,1
A01632632,1,1,1,1,0,1
A01411499,1,1,1,0,0,1
A01195562,1,1,1,1,0,1
A01283019,1,1,1,1,0,1
A01383323,1,1,1,1,0,1
A01274848,1,1,1,1,0,1
A01282497,1,1,1,1,0,1
A01174092,1,1,1,1,0,1
A01283403,1,1,1,1,0,1
A01653951,1,1,1,1,0,1
A01177646,1,0,1,1,0,1
A01721628,1,1,1,1,0,1
A01252423,1,1,1,1,0,1
A01284715,1,1,1,1,0,1
A01177737,1,1,1,1,0,1
A01411531,1,1,1,1,0,1
A01283547,1,1,1,1,0,1
A01720879,1,1,1,1,1,1
A01283809,1,1,1,1,0,1
A01568820,1,1,1,1,0,0
A01284722,1,1,1,1,0,1
A01284659,1,1,1,1,0,1
A01620676,1,1,1,1,0,1
A01383330,1,1,1,1,1,1
A01571062,0,0,1,1,0,1
A01611784,1,1,1,1,0,1
A01383337,1,1,1,1,0,1
A01383355,1,1,1,1,0,1
A01732611,1,1,1,1,0,0
A01382926,1,1,1,1,0,1
A01411846,0,0,1,1,0,1
A01177751,1,0,1,1,0,1
A01611801,1,1,1,1,0,1
A01383502,1,1,1,1,0,1
A00832776,1,0,1,1,0,1
A01571105,1,1,1,1,0,1
A01177908,1,1,1,1,0,1
A01252489,1,1,1,1,0,1
A01198030,1,1,1,1,0,1
A01655331,1,1,1,1,0,1
A01284671,1,1,1,1,0,1
A00227244,1,1,1,1,0,1
A01571139,1,1,1,1,0,1
A01610536,1,1,1,1,0,1
A01747148,1,1,1,0,0,1
A01383429,1,1,1,1,0,1
A01026411,1,1,1,1,0,1
A01284749,1,1,1,1,0,1
A01571065,1,1,1,1,0,0
A01570983,1,0,1,1,0,1
A01252142,1,1,1,1,0,1
A01571048,1,1,1,1,0,1
A01721993,1,1,1,1,0,1
A01368616,1,1,1,1,0,1
A01721758,1,1,1,1,0,1
A01721277,1,1,1,1,0,1
A01568782,1,1,1,1,0,1
A01177564,1,1,1,1,0,1
A01177911,0,0,1,1,0,1
A01174065,1,1,1,1,0,1
A01177752,1,1,1,1,0,1
A01747370,1,1,1,1,0,1
A01284457,1,1,1,1,0,1
A01245645,1,1,1,1,0,1
A01721653,1,1,1,1,0,1
A01721670,1,1,1,1,0,1
A01411774,1,1,1,1,0,1
A01284556,1,1,1,1,0,1
A01174186,1,1,1,1,0,1
A01285057,1,1,1,1,0,1
A00824554,1,1,1,1,0,1
A01746807,1,1,1,1,0,1
A01620647,1,1,1,1,0,1
A01721760,1,1,1,1,0,1
A01174085,1,1,1,1,0,1
A00834370,1,1,1,1,0,1
A01721925,1,1,1,1,0,1
A00572342,1,1,1,1,0,0
A01704173,0,1,1,1,0,0
A01284770,1,1,1,1,0,1
A01026481,1,1,1,1,0,1
A01655928,1,1,1,1,0,1
A01570971,1,1,1,1,0,1
A01284890,1,1,1,1,0,1
A01636017,1,1,1,1,0,1
A01568763,1,1,1,1,0,1
A01570976,1,1,1,1,0,1
A01177813,1,1,1,1,0,1
A01284653,1,1,1,1,0,1
A01383322,1,1,1,1,0,1
A01635735,1,0,1,0,0,1
A01571060,1,1,1,1,0,1
A01252384,0,0,1,0,0,1
A01177784,1,1,1,1,0,0
A01198100,1,1,1,1,0,1
A01570958,1,1,1,1,0,1
A01177783,1,1,1,1,0,1
A01571004,1,0,1,1,0,1
A01114748,1,1,1,0,0,1
A01568738,1,1,1,1,0,0
A01571000,1,1,1,1,0,1
A00833882,1,1,1,1,0,1
A01656778,1,1,1,1,0,0
A00572205,1,1,1,1,0,1
A01177791,1,1,1,1,0,1
A01754610,1,1,1,1,0,1
A01198204,1,1,1,1,0,1
A01748130,1,1,1,1,0,1
A01285045,1,1,1,1,0,1
A01571214,1,1,1,1,0,1
A01540889,1,1,1,1,0,0
A01174213,1,1,1,1,1,1
A01252717,1,0,1,0,0,1
A00826538,1,1,1,1,0,1
A01284745,1,1,1,1,0,1
A01198211,1,1,1,1,0,1
A01733148,1,1,1,1,0,1
A01748464,1,1,1,1,0,1
A01748822,1,1,1,1,0,0
A01733401,1,1,1,1,0,1
A00833310,1,1,1,1,0,1
A00833630,1,1,1,1,0,1
A01721753,1,1,1,1,0,1
A01567031,1,1,1,1,0,1
A01285128,1,1,1,1,0,1
A01174252,1,1,1,1,0,1
A01742403,1,1,1,1,0,0
A00227295,1,1,1,1,0,1
A01284970,1,1,1,1,0,1
A01174259,1,1,1,1,0,1
A01412042,1,1,1,1,0,1
A01571053,1,1,1,1,0,1
A01174106,1,1,1,1,0,1
A01740804,1,1,1,1,0,1
A01174082,1,1,1,1,0,1
A00825302,0,1,1,1,0,0
A01254318,1,1,1,1,0,1
A01284899,1,1,1,1,0,1
A01026484,1,1,1,1,0,1
A01540480,1,1,1,1,0,0
A00824990,1,0,1,1,0,1
A01245753,0,1,1,1,0,0
A01742473,1,1,1,1,0,1
A00834641,1,1,1,1,0,1
A01284981,1,1,1,1,0,1
A01732639,0,1,1,1,0,0
A01284710,1,1,1,1,0,0
A01733006,1,1,1,1,0,1
A01552363,1,1,1,1,0,1
A01177942,1,1,1,1,0,1
A01722115,1,1,1,1,0,1
A01198062,1,0,1,0,0,0
A01234419,1,1,1,1,0,1
A01740792,1,1,1,1,0,1
A01571098,1,0,1,1,0,1
A01704788,0,1,1,0,0,1
A01284932,1,1,1,1,0,1
A01174122,1,1,1,1,0,1
A01198049,1,1,1,1,0,1
A01284810,1,1,1,1,0,1
A01722062,1,1,1,1,0,1
A01571077,1,1,1,1,0,0
A01177860,1,1,1,1,0,1
A01704508,1,1,1,1,0,1
A01198133,1,1,1,1,0,1
A01284914,1,1,1,1,0,1
A01656180,1,1,1,1,0,1
A01369015,1,1,1,1,0,1
A01177940,1,1,1,1,0,1
A01721968,1,1,1,1,0,1
A01721790,1,1,1,1,0,1
A01198123,1,1,1,1,0,1
A01552369,1,1,1,1,0,1
A01234442,1,1,1,1,0,1
A01285068,1,1,1,1,0,1
A01177918,1,1,1,1,0,1
A01177922,1,0,1,1,0,1
A01722126,1,1,1,1,0,1
A01198214,1,1,1,1,0,1
A01235677,1,1,1,1,0,1
A01721744,1,1,1,1,0,1
A01721955,1,1,1,1,0,1
A01275766,1,1,1,1,0,1
A01411903,1,1,1,1,0,1
A01570979,1,1,1,0,0,1
A01571040,1,1,1,1,0,1
A01571179,0,1,1,1,0,0
A01741437,1,1,1,1,0,1
A01235693,1,1,1,1,0,1
A01733408,1,1,1,1,0,1
A01027374,1,1,1,1,0,1
A00827472,0,1,1,1,0,1
A01198282,1,1,1,1,0,1
A01198288,1,0,1,1,0,1
A01285172,1,1,1,1,1,1
A00572318,1,1,1,1,0,1
A01423734,1,0,1,1,0,1
A00826604,1,1,1,1,0,1
A01284935,1,1,1,1,0,1
A01275705,1,1,1,1,0,1
A01740756,1,1,1,1,0,1
A00827303,1,1,1,1,0,1
A00829573,1,1,1,1,0,1
A01383476,1,1,1,1,0,0
A01740838,1,1,1,1,0,0
A01234423,1,1,1,1,0,0
A01284823,1,1,1,1,0,1
A01177866,1,1,1,1,0,1
A01657001,1,1,1,1,0,1
A00827728,1,1,1,1,0,1
A01026909,1,1,1,1,0,1
A01235640,1,1,1,1,0,1
A01706192,1,1,1,1,0,1
A01656478,1,1,1,1,0,1
A00573753,1,1,1,1,0,1
A01198236,1,1,1,1,1,1
A00835217,1,1,1,1,0,0
A00828541,1,0,1,1,0,1
A01769415,0,1,1,1,1,1
A00830218,1,0,1,1,0,1
A01028507,1,1,1,1,0,1
A00829212,1,1,1,1,0,1
A01028621,1,1,1,1,0,1
A00832178,1,1,1,1,0,1
A00830519,1,1,1,1,0,1
A00829849,1,1,1,1,0,1
A00830741,1,1,1,1,0,1
A00834690,0,1,1,1,0,1
A01612331,1,1,1,1,0,1
A01571426,1,1,1,1,0,1
A00835223,1,1,1,1,0,1
A00829672,1,1,1,1,0,1
A00831214,1,1,1,1,0,1
A00831695,1,1,1,1,0,1
A00831696,1,0,1,1,0,1
A01562334,1,1,1,1,0,1
A01562303,1,1,1,1,1,1
A00833390,1,1,1,1,0,1
A00830095,1,1,1,1,0,1
A00833314,1,1,1,1,0,1
A00832679,1,1,1,1,0,1
A01735834,1,1,1,1,0,0
A00832774,1,1,1,1,0,0
A00833192,1,1,1,1,0,1
A00831851,1,1,1,1,0,1
A00831778,1,1,1,1,0,1
A01742006,1,1,1,1,0,1
A01236181,1,1,1,1,0,1
A01735621,1,1,1,1,0,1
A01613545,1,1,1,1,0,1
A00833198,1,1,1,1,0,1
A00831145,1,1,1,1,0,1
A00832130,1,1,1,0,0,1
A00831838,1,1,1,1,0,1
A00832739,1,1,1,1,0,1
A00832743,1,1,1,1,0,1
A00832724,1,1,1,1,0,1
A00832753,1,1,1,1,0,1
A00833057,1,1,1,1,0,1
A00832869,1,1,1,1,0,1
A01660923,1,1,1,1,0,1
A01384607,1,1,1,1,0,1
A00834056,1,1,1,1,0,1
A00832698,1,1,1,1,0,1
A00833393,0,1,1,1,0,1
A00831747,1,1,1,1,0,1
A01562460,1,1,1,1,0,1
A00832880,0,0,1,0,0,1
A00830432,1,1,1,1,0,1
A00832796,1,1,1,0,0,1
A01412570,1,1,1,1,0,1
A00833020,1,1,1,1,0,1
A00832963,1,1,1,0,0,1
A00832801,1,1,1,1,0,1
A00832119,1,1,1,1,0,1
A00833771,1,1,1,1,0,1
A00831905,1,1,1,1,0,1
A01752550,1,1,1,1,0,1
A00831743,1,1,1,1,0,1
A01174785,1,1,1,1,0,1
A01174710,1,1,1,0,0,1
A00831746,1,1,1,1,0,1
A00833397,1,1,1,1,0,1
A00832733,1,1,1,1,0,1
A00832783,1,1,1,1,0,1
A00833312,1,1,1,1,0,1
A00831830,1,1,1,1,0,1
A00832836,1,1,1,1,0,1
A00832040,1,1,1,1,0,1
A00831254,1,1,1,1,0,1
A01424685,1,1,1,1,0,1
A00832856,1,1,1,1,0,1
A00832897,1,1,1,1,0,1
A00833204,1,1,1,1,0,1
A00833403,1,1,1,1,0,0
A00833499,1,1,1,1,0,1
A01277166,1,1,1,1,0,1
A00834705,1,1,1,1,0,1
A01735940,1,1,1,1,0,0
A00833174,1,1,1,1,0,1
A00833439,1,1,1,1,0,1
A00833704,1,1,1,0,0,1
A00833446,1,1,1,1,0,1
A00227833,1,1,1,1,0,1
A00834115,1,0,1,0,0,1
A01754601,1,1,1,1,0,1
A00832814,1,1,1,1,0,1
A00832933,0,1,1,1,0,1
A00833916,1,1,1,1,0,1
A00833497,1,1,1,1,0,0
A00833945,1,1,1,1,0,1
A00835061,1,1,1,1,0,1
A01753833,1,1,1,1,0,1
A00833150,1,1,1,1,0,1
A01384612,1,1,1,1,0,1
A00833791,1,1,1,1,0,1
A00835196,1,1,1,1,1,1
A00833083,1,1,1,1,0,1
A00833109,1,1,1,1,1,1
A01754351,1,1,1,1,0,1
A00833503,1,1,1,1,0,1
A00833256,1,1,1,1,0,1
A00833112,1,1,1,1,0,1
A01709147,1,1,1,1,0,1
A01236316,1,1,1,1,0,1
A00833125,1,1,1,1,0,1
A00833376,1,1,1,1,0,1
A00833088,1,1,1,1,0,1
A00833106,1,1,1,1,0,1
A00833911,1,1,1,1,0,1
A00833782,1,1,1,1,0,1
A01661606,1,1,1,1,0,1
A00833209,1,1,1,1,0,1
A00833927,1,1,1,1,0,1
A00833458,1,1,1,1,0,1
A00833565,1,1,1,1,0,1
A00833929,1,1,1,1,0,1
A00833524,1,0,1,1,0,1
A01384697,1,1,1,1,0,0
A00833276,1,1,1,1,0,1
A00833123,1,1,1,1,0,1
A00834526,1,1,1,1,0,1
A00833492,1,1,1,1,0,1
A01236355,1,1,1,1,0,1
A00833086,1,1,1,1,0,1
A01662195,1,1,1,1,0,1
A00834137,1,1,1,1,0,1
A00834349,1,1,1,1,0,1
A01736403,1,1,1,1,0,1
A00835023,1,1,1,1,0,1
A00834113,1,1,1,1,0,1
A00833923,1,0,1,1,0,1
A00835282,1,1,1,1,0,0
A00834753,1,1,1,1,0,1
A00833411,1,1,1,1,0,1
A00833655,1,1,1,1,0,1
A00833683,1,1,1,0,0,1
A01662073,1,1,1,1,0,1
A00833447,1,1,1,1,0,1
A00834446,1,1,1,1,0,1
A01641920,1,1,1,1,0,1
A00834782,1,0,1,1,0,1
A01541833,1,1,1,1,0,1
A01236480,0,1,1,1,0,0
A00835150,1,1,1,1,0,1
A00835385,1,1,1,1,0,0
A00834555,1,1,1,1,0,1
A00834718,1,1,1,0,0,1
A01254231,1,1,1,1,0,0
A01771127,1,1,1,1,0,0
A00834988,1,1,1,1,0,1
A00834543,1,1,1,1,0,1
A00834036,1,1,1,1,0,1
A00834562,1,1,1,1,0,1
A00835149,1,1,1,1,0,1
A01562713,1,1,1,1,0,1
A00834328,1,1,1,1,0,1
A00835225,1,1,1,1,0,1
A01754691,1,1,1,1,0,1
A00834440,1,1,1,1,0,1
A00835161,1,1,1,1,0,1
A01236457,1,1,1,1,0,1
A00834573,1,1,1,1,0,1
A01709326,1,1,1,1,0,1
A00835172,1,1,1,1,0,1
A01174871,1,1,1,1,0,1
A00834450,1,1,1,1,0,0
A01613495,1,1,1,1,0,1
A00835341,0,1,1,1,0,0
A00835287,0,1,1,1,0,1
A00835343,1,1,1,1,0,1
A01642051,1,1,1,1,0,1
A01412789,1,1,1,1,0,1
A00834640,1,0,1,1,0,1
A01284624,1,1,1,1,0,1
A01382679,0,1,1,1,1,1
A01720513,1,1,1,1,0,1
A01570300,1,0,1,1,0,1
A01620315,1,1,1,1,0,1
A01283847,1,1,1,1,0,1
A01283991,1,1,1,1,0,1
A01284731,1,1,1,1,0,1
A01653722,1,0,1,1,0,1
A01067138,0,0,1,1,1,1
A01611290,1,1,1,1,0,1
A01282942,1,1,1,1,0,1
A01568573,1,1,1,1,0,1
A00227076,1,1,1,1,0,1
A01740355,1,1,1,1,0,1
A00571794,1,1,1,1,0,1
A01284220,1,1,1,1,0,1
A01721186,1,1,1,1,0,1
A00831939,1,0,1,1,0,1
A01611542,1,1,1,1,0,1
A01570758,1,1,1,1,0,1
A01177495,1,1,1,1,0,1
A01721359,1,1,1,1,0,1
A00571909,1,1,1,1,0,1
A01284257,1,1,1,1,0,1
A01284070,1,0,1,1,0,1
A00829548,1,1,1,1,0,1
A01284254,1,1,1,1,0,1
A01246317,1,1,1,1,0,1
A00834202,1,1,1,1,0,1
A01634543,1,1,1,1,0,1
A01721557,1,1,1,1,0,1
A01411780,1,1,1,1,0,1
A01570929,1,1,1,1,0,1
A01283282,1,1,1,1,0,1
A01234450,1,1,1,1,0,1
A01281742,1,1,1,1,0,1
A01282493,1,1,1,1,0,1
A01284462,1,1,1,1,0,1
A01281247,1,0,1,1,0,1
A01174110,1,1,1,1,0,1
A01197177,1,1,1,1,0,1
A00832198,1,1,1,1,0,1
A01194771,1,1,1,1,0,1
A00829348,1,1,1,1,0,1
A01383420,1,1,1,1,0,1
A01721720,1,1,1,1,0,1
A01284928,1,1,1,1,0,1
A01570583,1,1,1,0,0,1
A01701869,1,1,1,1,0,1
A01570642,1,1,1,1,0,1
A01382965,0,1,1,1,0,1
A01721463,0,1,1,1,0,1
A01721677,1,1,1,1,0,0
A01721715,1,1,1,1,0,1
A01383422,1,1,1,1,0,1
A01571108,1,1,1,1,0,1
A01197987,1,1,1,1,0,1
A01740829,1,1,1,1,0,1
A01654146,1,1,1,1,0,1
A00831948,1,1,1,1,0,1
A01367544,1,1,1,1,0,1
A01571018,1,1,1,1,0,1
A01721665,1,1,1,1,0,0
A01177821,1,1,1,1,0,1
A01351950,1,1,1,1,0,1
A01284080,1,1,1,1,0,1
A01570739,0,0,1,1,1,1
A01173987,1,0,1,0,0,1
A01721482,1,1,1,1,0,1
A01721671,1,1,1,1,0,1
A00572259,1,1,1,1,0,1
A01284841,1,1,1,1,0,1
A01654101,0,1,1,1,0,1
A01411731,1,1,1,1,0,1
A01177899,1,1,1,1,0,1
A01234470,1,1,1,1,0,1
A01351989,1,1,1,1,0,1
A01197902,1,1,1,1,0,1
A01197922,1,1,1,1,0,1
A01571116,1,1,1,1,0,1
A01748063,1,1,1,1,0,1
A01177747,1,1,1,1,0,1
A01540442,1,1,1,1,0,1
A01721171,1,1,1,1,0,1
A01747535,1,1,1,1,0,1
A00517258,1,1,1,1,0,1
A01368290,1,1,1,1,0,1
A01177575,1,1,1,1,0,1
A01570901,1,1,1,1,0,1
A01174198,1,1,1,1,0,1
A01198014,1,1,1,1,0,1
A01284960,1,1,1,1,0,1
A01611664,1,0,1,0,0,1
A00832091,0,0,1,1,1,1
A01177675,1,1,1,1,0,1
A01174046,1,1,1,1,0,1
A01383609,1,0,1,1,0,1
A01611636,1,1,1,1,0,1
A01177960,1,1,1,1,0,1
A01351842,1,1,1,1,0,1
A01704062,1,1,1,1,0,1
A01747042,1,1,1,1,0,1
A01571079,1,1,1,1,0,1
A01571029,1,1,1,1,0,1
A01173984,1,0,1,1,0,1
A01570088,1,1,1,1,0,1
A01177703,1,1,1,1,0,0
A01383340,1,1,1,1,0,1
A01252382,1,1,1,1,0,1
A01177145,1,1,1,1,0,1
A01382574,1,1,1,1,0,1
A01383494,1,1,1,1,0,1
A01177769,1,1,1,1,0,1
A01610714,1,1,1,1,0,1
A01027008,1,1,1,1,0,1
A01620762,1,1,1,1,0,1
A00835048,1,0,1,1,0,1
A01720958,1,1,1,1,0,1
A01721905,1,1,1,1,0,1
A01721622,1,1,1,1,0,1
A01177705,1,1,1,1,0,1
A01722016,1,1,1,1,0,1
A01283317,1,1,1,1,0,1
A01570982,1,1,1,1,0,1
A01570359,1,1,1,1,0,1
A00832775,1,1,1,1,0,1
A01721990,1,1,1,1,0,1
A01177792,1,1,1,1,0,1
A01177793,1,1,1,1,0,1
A00572363,1,1,1,1,0,1
A01252650,1,1,1,1,0,0
A01733211,1,1,1,1,0,1
A01284752,1,1,1,1,0,1
A01570984,1,1,1,1,0,1
A01246374,1,1,1,1,0,1
A01197992,1,1,1,1,0,1
A01383393,1,1,1,1,0,1
A01368542,1,1,1,1,0,1
A01245679,1,1,1,1,0,1
A01383492,1,1,1,1,0,0
A01368693,1,1,1,1,0,1
A00826301,1,1,1,1,0,1
A00227372,1,1,1,1,0,1
A01722188,1,1,1,1,0,1
A01722155,1,1,1,1,0,1
A01177823,0,0,1,1,0,1
A01198059,1,1,1,1,0,1
A01284840,1,1,1,1,1,1
A01067548,1,1,1,1,0,1
A01747588,1,1,1,1,0,1
A01177800,1,1,1,1,0,1
A01174148,1,1,1,1,0,1
A01285107,0,1,1,1,0,0
A01747484,1,1,1,1,0,1
A00834600,1,1,1,1,1,1
A01735836,1,1,1,1,0,1
A00832782,1,1,1,1,0,1
A01284800,1,1,1,1,0,1
A01722033,1,1,1,1,0,1
A00833541,1,1,1,1,0,1
A01177828,1,1,1,1,0,1
A01721985,1,1,1,1,0,1
A01747961,1,1,1,1,0,1
A00834889,1,1,1,1,0,1
A01198094,1,1,1,1,0,1
A01704487,1,1,1,1,0,1
A00832894,1,1,1,1,0,1
A01721784,1,1,1,1,0,1
A00833005,1,0,1,1,0,1
A01552463,1,1,1,1,0,1
A01284790,1,1,1,1,0,1
A01284591,1,1,1,1,0,1
A01177988,1,1,1,1,0,1
A01284937,1,1,1,1,0,1
A01246378,1,1,1,1,0,1
A01177729,1,1,1,1,0,1
A01721612,1,1,1,1,0,1
A01284684,1,1,1,1,0,1
A01245663,1,1,1,1,0,1
A01721777,1,1,1,1,0,1
A01383348,1,1,1,1,0,1
A01177766,1,1,1,1,0,1
A01067426,1,1,1,1,0,0
A01284964,1,1,1,1,0,1
A00832779,1,1,1,1,0,1
A01235603,1,1,1,1,0,1
A01177930,1,1,1,1,0,1
A01275611,0,1,1,1,0,1
A01570995,1,1,1,1,0,1
A01197981,1,1,1,1,0,1
A01568828,1,1,1,1,0,1
A01721949,1,1,1,1,0,1
A01177969,1,1,1,1,0,1
A01732565,1,0,1,1,0,1
A01568832,1,1,1,1,0,1
A01411839,1,1,1,1,0,1
A01177786,1,1,1,1,0,1
A01571137,1,1,1,1,0,1
A01552373,1,1,1,0,0,1
A01732897,1,1,1,1,0,1
A01284965,1,1,1,1,0,1
A00227250,1,1,1,1,0,1
A01284794,1,1,1,1,0,1
A01571138,1,1,1,1,0,1
A01352033,1,1,1,1,0,1
A01721704,1,1,1,1,0,1
A01284666,1,1,1,0,0,1
A01177844,1,1,1,1,0,1
A01721649,1,1,1,1,0,1
A01177902,1,1,1,1,0,1
A01611890,1,1,1,1,0,1
A01655865,1,1,1,1,0,1
A01285018,1,1,1,1,0,1
A01284668,1,1,1,1,0,1
A01284995,1,1,1,0,0,1
A01722163,1,1,1,1,0,1
A01285124,1,1,1,1,0,1
A01177987,1,1,1,1,0,0
A00572350,1,1,1,1,0,1
A01198276,1,1,1,1,0,1
A01412004,0,0,1,0,0,1
A01571225,1,1,1,1,0,1
A00835329,1,1,1,1,0,1
A01722175,1,1,1,0,0,1
A01235787,1,1,1,1,0,1
A01770244,1,1,1,1,0,1
A00832802,1,1,1,1,0,1
A00833004,1,1,1,1,0,1
A00833246,1,1,1,1,0,1
A01369385,1,1,1,1,0,1
A01612078,1,1,1,1,0,1
A01174286,1,1,1,1,0,1
A00835155,1,1,1,1,0,1
A00826637,1,1,1,0,0,1
A01562861,1,1,1,1,0,1
A01177803,1,1,1,1,0,1
A01235630,1,1,1,1,0,1
A01198162,1,1,1,1,0,1
A01067412,1,1,1,1,0,1
A01177760,1,1,1,0,0,1
A01177910,1,1,1,1,0,1
A01721944,1,1,1,1,0,1
A01177835,1,1,1,1,0,1
A00834391,1,1,1,1,0,0
A01571170,1,1,1,1,0,1
A01198120,1,1,1,1,0,1
A01540857,0,1,1,1,0,1
A01178006,1,1,1,1,0,1
A00827667,1,1,1,1,0,1
A00835218,1,1,1,1,0,1
A01732887,1,1,1,1,0,1
A01177863,1,0,1,0,0,1
A01721957,1,1,1,1,0,1
A00835125,1,1,1,0,0,1
A00833309,1,1,1,1,0,1
A01540892,0,1,1,1,0,1
A01285039,1,1,1,1,0,1
A01656282,1,1,1,1,0,0
A01733363,1,1,1,1,0,1
A01571218,1,1,1,1,0,1
A01552411,0,1,1,1,0,1
A01369089,1,0,1,1,0,1
A01177986,1,1,1,1,0,1
A00833767,1,1,1,1,0,1
A00833357,1,1,1,1,0,1
A01734509,1,1,1,1,0,1
A01178277,1,1,1,1,0,1
A01412288,1,1,1,1,0,1
A01769351,0,1,1,1,0,0
A00833816,1,1,1,1,0,1
A00827797,1,1,1,1,0,1
A00829863,1,1,1,1,0,1
A01638246,1,1,1,1,0,1
A00834274,1,1,1,1,0,1
A00829628,1,1,1,1,0,1
A00829664,1,1,1,1,0,1
A00830660,1,1,1,1,0,1
A01178274,1,1,1,1,0,1
A01662203,1,1,1,1,0,1
A00829814,1,1,1,1,0,1
A00829958,1,0,1,0,0,1
A01769555,1,1,1,1,0,1
A00828445,1,1,1,1,0,1
A00830797,1,1,1,1,1,1
A01198609,1,1,1,1,0,1
A00832849,1,1,1,1,0,1
A00832859,1,1,1,1,0,1
A01735901,1,1,1,1,0,1
A00830030,1,1,1,1,0,1
A00832425,1,1,1,1,0,1
A00832709,1,1,1,1,0,0
A01412566,1,0,1,1,0,1
A00833749,1,0,1,1,0,1
A00832719,1,0,1,1,0,1
A01735766,1,1,1,1,0,0
A00832722,1,1,1,1,0,1
A00830870,1,1,1,1,0,1
A00831485,1,1,1,1,0,1
A01384428,1,1,1,1,0,1
A00832855,1,1,1,1,0,1
A00227695,1,1,1,1,0,1
A01708053,1,1,1,1,0,1
A01246742,1,1,1,1,0,1
A01174744,1,1,1,1,0,1
A00832896,1,0,1,1,0,1
A00834147,1,1,1,1,0,1
A01412542,1,1,1,1,0,1
A00832693,1,1,1,1,0,1
A00834159,1,1,1,1,0,1
A00832913,1,1,1,1,0,1
A00830764,1,1,1,1,0,1
A00832769,1,1,1,1,0,0
A01661083,1,1,1,1,0,1
A00833021,1,1,1,1,0,1
A00833223,1,1,1,1,0,1
A00833018,1,1,1,1,0,1
A00830973,1,1,1,1,0,1
A01708605,1,1,1,1,0,1
A01708461,0,1,1,1,0,1
A00832829,1,1,1,1,0,1
A00833423,1,1,1,1,0,1
A00833504,1,1,1,1,0,1
A01254129,1,1,1,1,0,1
A00831337,1,1,1,1,0,1
A00833790,1,1,1,1,0,1
A00833530,1,1,1,1,0,0
A01736009,1,1,1,1,0,1
A00833952,1,1,1,1,0,1
A00833331,1,1,1,1,0,1
A00833118,1,1,1,0,0,1
A00833918,1,1,1,1,0,1
A00833292,1,1,1,1,0,1
A00833637,1,1,1,1,0,1
A01562648,1,1,1,1,0,1
A01412726,1,1,1,1,0,1
A00833252,1,1,1,1,0,1
A00834306,1,1,1,1,0,1
A01562623,1,1,1,1,0,1
A00833693,1,1,1,1,0,1
A00833610,1,1,1,1,0,1
A01661088,1,1,1,1,0,1
A01277278,1,1,1,1,0,1
A01735690,1,1,1,1,0,1
A00832228,1,1,1,1,0,1
A00833642,1,1,1,1,0,1
A01236324,1,1,1,1,0,1
A00832804,1,1,1,1,0,1
A00835216,1,1,1,1,0,1
A01236301,1,1,1,1,0,1
A01412654,1,1,1,1,0,1
A00833930,0,0,1,1,0,1
A01412614,1,1,1,1,0,1
A01254024,1,1,1,1,0,0
A00832172,1,1,1,1,0,1
A00833115,1,1,1,1,0,1
A01736133,1,1,1,1,0,1
A01736103,1,1,1,1,0,1
A00834297,1,1,1,1,0,1
A00833226,1,1,1,1,0,0
A00833502,1,1,1,1,0,1
A00832144,1,1,1,1,0,1
A00832428,1,1,1,1,0,1
A01246752,1,1,1,1,0,1
A00833775,1,1,1,1,0,1
A00833124,1,1,1,1,1,0
A00833699,1,1,1,1,0,1
A00832613,1,1,1,1,0,1
A00833111,1,1,1,1,0,1
A00832961,1,1,1,1,0,1
A00832926,1,1,1,1,0,1
A00833337,1,1,1,1,0,1
A01174755,1,1,1,1,0,1
A00834799,1,1,1,1,0,1
A00833647,1,1,1,1,0,0
A00833621,1,1,1,0,0,1
A00833364,1,1,1,1,0,1
A00833495,1,1,1,1,0,1
A01613323,1,1,1,1,0,1
A00835276,1,1,1,1,0,1
A00833122,1,1,1,1,0,1
A01254067,1,1,1,1,0,1
A00833214,1,1,1,1,0,1
A01642110,1,1,1,1,0,1
A00833039,0,0,1,0,0,1
A00833702,1,1,1,1,0,1
A00833570,1,1,1,1,0,1
A00834123,1,1,1,1,0,1
A01742328,1,1,1,1,0,1
A00833070,1,1,1,1,0,1
A00833208,1,1,1,1,0,1
A00834404,1,1,1,1,0,1
A01661962,0,1,1,1,0,1
A01384749,1,1,1,1,0,1
A01642179,1,1,1,1,0,1
A00835342,1,1,1,1,0,1
A00835350,1,1,1,1,0,1
A01625566,1,1,1,1,0,1
A00833089,1,1,1,1,0,0
A00833536,1,1,1,1,0,1
A01625545,1,1,1,1,0,1
A00835111,1,1,1,1,0,1
A00835264,1,1,1,1,0,1
A00834558,1,1,1,1,0,1
A00834770,1,1,1,1,0,1
A00835211,1,1,1,1,0,1
A00833110,1,1,1,1,0,1
A00835090,1,1,1,1,0,1
A00835318,1,1,1,1,0,1
A00834352,1,1,1,1,0,1
A00834785,1,1,1,1,0,1
A00835140,1,1,1,1,0,1
A00834407,1,1,1,1,0,1
A00833795,1,1,1,1,0,1
A00573695,1,1,1,1,0,1
A00835179,1,1,1,0,0,1
A01236502,1,1,1,1,0,1
A00835411,1,1,1,1,0,1
A00834768,1,1,1,1,0,0
A01246774,1,1,1,1,0,1
A00835042,1,1,1,1,0,1
A00573752,0,1,1,1,0,1
A00835238,1,1,1,1,0,1
A00834703,1,1,1,1,0,1
A00834542,1,0,1,1,0,1
A00834655,1,1,1,1,0,1
A00835436,1,1,1,1,0,1
A00835068,1,1,1,1,0,1
A00834327,1,1,1,1,0,1
A00835447,1,1,1,1,0,1
A01384683,1,1,1,1,0,1
A00834863,1,1,1,0,0,1
A00835388,1,1,1,1,0,1
A00834541,1,1,1,1,0,1
A00834710,1,1,1,1,0,1
A01736368,1,1,1,1,0,1
A00834912,1,1,1,1,0,1
A00834427,1,1,1,1,0,0
A01236425,1,1,1,1,0,1
A01736594,1,1,1,1,0,1
A01562820,1,0,1,1,0,1
A00835266,1,1,1,1,0,1
A00835214,1,1,1,1,0,1
A01284340,1,1,1,1,0,1
A01283994,1,1,1,1,0,1
A01194828,1,1,1,1,0,1
A01568442,1,0,1,1,0,1
A01720813,1,1,1,1,0,1
A01722113,1,1,1,1,0,1
A01284203,1,1,1,1,0,1
A01721456,1,1,1,1,0,1
A01275535,1,1,1,1,0,1
A01620124,1,1,1,1,0,1
A01283245,1,1,1,1,0,1
A01235086,0,1,1,0,1,1
A01173875,1,1,1,1,0,1
A00571851,1,0,1,1,0,1
A01382977,1,1,1,1,0,1
A01067172,0,1,1,1,0,1
A01197653,1,1,1,1,0,1
A01284543,1,1,1,1,0,1
A01284622,1,1,1,1,0,0
A01282744,1,1,1,1,0,1
A01196968,1,1,1,1,0,1
A07013364,1,1,1,0,0,1
A01284753,1,1,1,1,0,1
A01174021,1,1,1,1,0,1
A01702654,1,1,1,1,0,1
A01351756,1,1,1,1,0,1
A01284678,1,1,1,1,0,1
A01173648,1,1,1,1,0,1
A01721721,1,1,1,1,0,1
A01747184,1,1,1,1,0,1
A00226947,1,1,1,1,0,1
A01411647,1,1,1,1,0,1
A01411491,1,1,1,1,0,1
A01720911,1,1,1,1,0,1
A01721719,0,1,1,1,1,1
A01284996,0,0,1,0,0,1
A01720894,1,1,1,0,0,1
A01284284,1,1,1,1,1,1
A01284917,1,1,1,1,0,1
A01747648,1,1,1,1,0,1
A01197708,1,1,1,1,0,1
A01722058,1,1,1,1,0,0
A01234405,1,1,1,1,0,1
A01280544,1,1,1,1,0,1
A01283195,1,1,1,1,0,1
A01284762,1,1,1,1,0,1
A01570900,1,1,1,1,0,1
A01174077,1,0,1,1,0,1
A01351833,1,1,1,1,0,1
A00831938,1,1,1,1,0,1
A01284920,1,0,1,0,0,1
A01280530,1,1,1,1,0,1
A01198277,1,1,1,1,0,1
A01732498,1,1,1,1,0,1
A00830367,1,1,1,1,0,1
A01383202,1,1,1,1,0,0
A01740816,1,1,1,1,0,1
A01282990,0,1,1,1,0,1
A01570846,0,0,1,1,0,1
A01721040,1,1,1,1,0,1
A01747038,1,1,1,1,0,1
A01284603,1,1,1,1,0,1
A01282152,0,0,1,0,0,1
A01720268,1,1,1,0,0,1
A01251886,1,1,1,1,0,1
A01197976,1,1,1,1,0,1
A01540245,1,0,1,1,0,1
A01747049,1,1,1,1,0,0
A01177767,1,1,1,1,0,1
A01284124,1,1,1,1,0,1
A01721901,1,1,1,1,0,0
A01721796,1,1,1,1,0,1
A01721828,1,1,1,1,0,1
A01383351,1,1,1,1,0,1
A00572213,1,1,1,1,0,1
A01571010,1,1,1,1,0,1
A01284667,1,1,1,0,0,1
A01284882,1,1,1,1,0,0
A01721872,1,1,1,1,0,0
A01284686,1,1,1,1,0,1
A00227243,1,1,1,1,0,0
A01197989,1,1,1,1,0,1
A01198056,1,1,1,1,0,1
A01571066,1,1,1,1,0,1
A01721805,1,1,1,1,0,1
A01733206,1,1,1,1,0,1
A01369314,1,1,1,1,0,1
A01571226,1,1,1,1,0,1
A01571163,1,1,1,1,0,1
A01721958,1,1,1,1,0,1
A01704564,1,1,1,1,0,1
A01721833,1,1,1,1,0,1
A01198159,1,1,1,1,0,1
A01177824,1,1,1,1,0,1
A01620575,1,1,1,1,0,1
A01721982,1,1,1,1,0,1
A01721624,1,1,1,1,0,0
A01721730,1,0,1,1,0,1
A01721663,1,1,1,1,0,1
A01177822,1,1,1,1,0,1
A00572366,1,1,1,1,0,1
A01177695,1,1,1,1,0,1
A01721319,1,1,1,1,0,1
A01721084,1,1,1,1,0,1
A01570745,1,1,1,1,0,1
A01285082,1,1,1,1,0,1
A00834687,1,1,1,1,0,0
A01571164,1,1,1,1,0,1
A01284300,1,1,1,1,0,1
A01721548,0,0,1,1,0,1
A01383383,1,1,1,1,0,1
A01197977,1,1,1,1,0,1
A01722009,1,1,1,1,0,1
A01620836,1,1,1,1,0,1
A01566880,1,1,1,1,0,1
A01284606,1,1,1,0,0,1
A01284829,1,1,1,1,0,0
A01552355,1,1,1,1,0,1
A01178002,1,1,1,1,0,1
A01732522,1,1,1,1,0,1
A01177872,1,1,1,0,0,1
A01235587,1,1,1,1,0,1
A01721786,1,1,1,1,0,1
A01177837,1,1,1,1,0,1
A01177732,1,1,1,1,0,1
A01177726,1,1,1,1,0,1
A01704211,1,1,1,1,0,1
A01177728,1,1,1,1,0,1
A01383384,1,1,1,1,0,1
A01198048,1,1,1,1,0,1
A01568679,1,1,1,1,0,1
A01568822,1,1,1,1,0,1
A01568864,1,1,1,1,0,1
A01571002,1,1,1,1,0,1
A01284785,1,1,1,1,0,1
A01570960,1,1,1,1,0,1
A01275686,1,1,1,1,0,1
A01568771,1,1,1,1,0,1
A01383437,1,1,1,1,0,1
A01198165,0,1,1,1,0,1
A01733089,1,0,1,1,0,1
A01571007,1,1,1,1,0,1
A01284748,1,1,1,1,0,1
A01740693,1,1,1,1,0,1
A01368990,1,1,1,1,0,1
A01636309,1,1,1,1,0,0
A01177926,1,1,1,1,0,1
A01252436,1,1,1,1,0,1
A01571158,0,0,1,1,0,1
A01747163,1,1,1,1,0,1
A01198184,1,1,1,1,0,1
A00572372,1,1,1,1,0,1
A00831595,1,1,1,1,0,1
A00834886,0,1,1,1,0,1
A00572227,1,1,1,1,0,1
A01284963,1,1,1,1,0,1
A00835051,1,1,1,1,0,1
A01733345,1,1,1,1,0,1
A01275575,1,1,1,1,0,1
A01721678,1,1,1,1,0,1
A01285131,1,1,1,1,0,1
A01284766,1,1,1,1,0,1
A00834793,1,1,1,1,0,1
A01721815,1,0,1,1,0,1
A01721846,1,1,1,1,0,1
A01177897,1,1,1,1,0,1
A01722023,1,1,1,1,0,1
A00826838,1,1,1,1,0,1
A00833384,1,1,1,1,0,0
A01721732,1,1,1,1,0,1
A01284894,1,1,1,1,0,1
A01284844,1,1,1,1,0,1
A01721930,1,1,1,1,0,1
A01562804,1,1,1,1,0,1
A01284896,1,1,1,1,0,1
A01177757,1,1,1,1,0,1
A01721933,1,1,1,1,0,1
A01721690,1,1,1,1,0,0
A01721934,1,1,1,1,0,0
A01198047,1,1,1,1,0,1
A01177804,1,1,1,1,0,1
A01284857,1,1,1,1,0,1
A01275617,1,1,1,1,0,1
A01234458,1,1,1,1,0,1
A01540899,1,1,1,1,0,1
A01284726,1,1,1,1,0,1
A01721893,1,1,1,1,0,1
A01275602,1,1,1,1,0,1
A01284713,1,1,1,1,0,1
A01177836,0,0,1,0,0,1
A01571125,1,1,1,1,0,1
A01705734,1,1,1,1,0,1
A01571195,1,1,1,1,0,1
A01285002,1,1,1,1,0,1
A01571058,1,1,1,1,0,1
A01721951,1,1,1,1,0,1
A01722053,1,1,1,1,0,1
A01722029,1,1,1,1,0,1
A01732902,1,1,1,1,0,1
A01177970,1,1,1,0,0,1
A01620754,1,1,1,1,0,0
A01285108,1,1,1,1,0,1
A01177992,1,0,1,1,0,1
A01252732,1,1,1,1,0,0
A00830712,1,1,1,1,0,1
A01722039,1,1,1,1,1,1
A01411938,1,1,1,1,0,1
A01722140,1,1,1,1,0,1
A01571213,1,1,1,1,0,1
A01748093,1,1,1,1,0,1
A01198215,0,1,1,1,0,1
A01252713,1,1,1,1,0,1
A01620789,1,1,1,1,0,0
A01552424,1,1,1,1,0,1
A00832937,1,1,1,1,0,1
A00833249,1,1,1,1,0,1
A00833008,1,1,1,1,0,0
A00835195,1,1,1,1,1,1
A00833764,1,1,1,1,0,1
A01285171,1,1,1,1,0,0
A00831721,1,1,1,1,0,1
A01735142,1,1,1,1,0,1
A01741382,1,1,1,1,0,1
A01198284,1,1,1,1,0,1
A01236285,1,1,1,1,0,1
A01552476,1,1,1,1,0,1
A01705393,1,1,1,1,0,1
A01612058,1,1,1,1,0,1
A01705362,1,1,1,1,0,1
A00830395,1,1,1,1,0,1
A00830040,1,1,1,1,0,1
A01253134,1,1,1,1,0,1
A01232580,1,1,1,1,0,1
A00829175,1,1,1,1,0,1
A01769325,1,1,1,1,0,1
A01562456,1,1,1,1,1,1
A01571352,1,1,1,1,0,0
A01253259,1,1,1,1,0,1
A00831834,1,1,1,1,0,1
A00829854,1,1,1,1,0,1
A01707737,1,1,1,1,0,1
A01734771,1,1,1,1,0,1
A00831881,1,1,1,1,0,1
A00227696,1,1,1,1,0,1
A00834603,1,0,1,1,0,1
A00834743,1,1,1,1,0,1
A01235903,1,1,1,1,0,1
A01660415,1,1,1,1,0,1
A00832349,1,1,1,1,0,1
A01412298,1,1,1,1,0,1
A00832765,1,1,1,1,0,1
A00832729,1,1,1,1,0,1
A01639288,1,1,1,1,0,1
A00833306,1,1,1,1,0,1
A00832651,1,1,1,1,0,1
A00832271,1,1,1,1,0,1
A01412759,1,1,1,1,0,0
A00832652,1,1,1,1,0,1
A00832446,1,1,1,1,1,1
A00832642,1,1,1,1,0,1
A00831173,1,1,1,1,0,1
A00830045,1,1,1,1,0,1
A00832851,1,1,1,1,0,1
A00830970,1,1,1,1,0,1
A00832269,1,1,1,1,0,1
A00833101,0,1,1,1,0,0
A00833819,1,1,1,1,1,1
A00833210,1,1,1,1,0,1
A01236093,1,1,1,1,0,1
A01562461,1,1,1,1,0,1
A00831440,1,1,1,1,0,1
A00832907,1,1,1,1,0,1
A00832680,1,1,1,1,0,1
A00833190,1,1,1,1,0,1
A01235956,1,1,1,1,0,1
A00831378,1,1,1,1,0,1
A00833625,1,1,1,1,0,1
A00833179,1,1,1,1,0,1
A00833564,1,1,1,1,0,1
A01412660,1,1,1,1,0,1
A00833687,1,1,1,1,0,1
A00834698,1,1,1,1,0,1
A01735902,1,1,1,1,0,1
A00833417,1,0,1,0,0,1
A00833344,1,1,1,1,0,1
A00831430,1,1,1,1,0,1
A00832837,1,1,1,1,0,1
A00831800,1,1,1,1,0,1
A00833148,1,1,1,1,0,1
A00833293,1,1,1,1,0,1
A01384614,1,1,1,1,0,1
A00833221,1,1,1,1,0,1
A00833290,1,1,1,1,0,1
A01735626,1,1,1,1,0,1
A01753731,1,1,1,1,0,1
A00834605,1,1,1,1,0,1
A00833862,1,1,1,1,0,1
A00833660,1,1,1,1,0,1
A00832872,1,1,1,1,0,0
A00832623,1,1,1,0,0,1
A00833189,1,1,1,1,0,1
A01640833,1,1,1,1,0,1
A00832806,1,1,1,1,0,1
A00833149,1,1,1,1,0,1
A01735431,1,1,1,1,0,1
A01736099,1,1,1,1,0,1
A00833711,1,1,1,1,0,1
A01384201,1,1,1,1,0,1
A00832681,1,1,1,1,0,1
A00832881,1,1,1,1,0,1
A01254032,1,1,1,1,0,0
A00832985,1,1,1,1,0,1
A00833579,1,1,1,1,0,1
A00834401,1,1,1,1,0,0
A01384429,1,1,1,1,0,1
A01781833,1,1,1,1,0,1
A00831646,1,1,1,1,0,1
A01236274,1,1,1,1,0,1
A00832222,1,1,1,1,0,1
A00833257,1,1,1,1,0,1
A00833582,1,1,1,1,0,0
A00833516,1,1,1,1,0,1
A00833064,1,1,1,1,0,1
A00833479,1,1,1,1,0,1
A01562619,1,1,1,1,0,1
A00833522,1,1,1,1,0,1
A00832964,1,1,1,1,0,1
A00833048,1,1,1,1,0,1
A00833578,1,1,1,1,0,1
A00834004,1,1,1,1,0,1
A00834304,1,1,1,1,0,1
A01736228,1,1,1,1,0,1
A00833567,1,1,1,0,0,1
A00833488,1,1,1,1,0,1
A00833159,1,1,1,1,0,1
A00834220,1,1,1,1,0,1
A00833401,1,1,1,1,0,1
A00833806,1,1,1,1,0,1
A00227809,1,1,1,1,0,1
A00833511,1,1,1,1,0,1
A01708976,1,1,1,1,0,1
A01736171,1,1,1,1,0,1
A00833937,1,1,1,1,0,1
A00835070,1,1,1,1,0,1
A00835277,1,1,1,1,0,1
A01277023,1,1,1,1,0,1
A00834030,1,1,1,1,0,1
A00834326,1,1,1,1,0,1
A00833934,1,1,1,1,0,1
A01782402,1,1,1,1,0,1
A00833595,1,1,1,1,0,1
A00833425,1,1,1,1,0,1
A00833160,1,1,1,1,0,1
A00835130,1,1,1,1,0,1
A00833266,1,1,1,1,0,1
A00833287,1,0,1,1,0,1
A00833217,1,1,1,1,0,1
A00834901,1,0,1,1,0,1
A00834241,1,1,1,1,0,1
A00834613,1,1,1,1,0,1
A01384738,1,1,1,1,0,1
A00834760,1,1,1,1,0,1
A00834342,1,1,1,1,0,1
A01662124,0,1,1,1,0,1
A00833623,1,1,1,1,0,1
A00834122,1,1,1,1,0,1
A01736352,1,1,1,1,0,1
A00835192,1,0,1,1,0,1
A00834673,1,1,1,1,0,1
A00834107,0,1,1,1,0,1
A01562691,1,1,1,1,0,1
A00834134,1,0,1,1,0,1
A01736320,0,0,1,0,0,1
A01754838,1,1,1,1,0,1
A01662273,1,1,1,1,0,1
A00834992,1,1,1,1,0,0
A00833910,1,1,1,0,0,1
A00835116,1,1,1,1,0,1
A00835285,1,1,1,1,0,1
A01412788,1,1,1,1,0,1
A00835311,1,1,1,1,0,1
A00835141,1,1,1,1,0,1
A01425018,1,1,1,1,0,0
A00834632,1,1,1,0,0,1
A00835263,1,1,1,1,0,1
A00835446,1,1,1,1,0,1
A00835435,1,1,1,1,0,1
A00834017,1,1,1,1,0,1
A00833943,1,1,1,1,0,1
A00834043,1,0,1,1,0,1
A00573688,1,1,1,1,0,1
A00835280,1,1,1,1,0,1
A00834621,1,1,1,1,0,1
A00834141,1,1,1,1,0,1
A00834762,1,1,1,1,0,1
A01412749,1,1,1,1,0,1
A00834439,1,1,1,1,0,1
A01254246,1,1,1,1,0,1
A00834825,1,1,1,1,0,1
A00835320,1,1,1,1,0,1
A00835082,1,1,1,1,0,1
A01562855,1,1,1,1,0,0
A00835269,1,1,1,1,0,1
A00834021,1,1,1,1,0,1
A00833651,1,1,1,1,0,1
A00834425,1,1,1,1,0,1
A00834144,1,1,1,1,0,1
A01560653,1,1,1,1,0,1
A01383481,1,1,1,1,0,1
A01283845,1,1,1,1,0,1
A01703397,1,1,1,1,0,1
A01721433,1,1,1,1,0,1
A01720888,1,1,1,1,0,1
A01611248,1,1,1,1,0,1
A01382952,1,1,1,1,0,1
A01177762,1,1,1,1,0,1
A01281809,0,0,1,0,0,1
A01284729,1,1,1,1,0,1
A01284625,1,0,1,1,0,1
A01284171,1,1,1,1,0,1
A01173764,1,1,1,1,0,1
A01177086,1,1,1,1,0,1
A01177199,1,1,1,1,0,1
A01197528,1,1,1,1,0,1
A01620551,1,1,1,1,0,1
A01281834,1,0,1,1,0,1
A01280886,1,1,1,1,0,1
A00344769,1,1,1,1,1,1
A01197457,1,1,1,1,0,1
A01283998,1,1,1,1,0,1
A01284646,1,1,1,1,0,0
A01275067,1,1,1,1,0,1
A01732554,1,1,1,1,0,1
A01284733,1,1,1,1,0,0
A01197637,0,1,1,1,0,1
A01731485,1,1,1,1,1,1
A00571878,1,1,1,1,0,1
A01197775,1,1,1,1,0,1
A01284781,1,1,1,1,0,1
A01411596,1,1,1,1,0,1
A01540437,1,1,1,1,0,1
A01039969,1,0,1,1,0,1
A00831878,1,1,1,1,0,1
A01620440,1,1,1,1,0,1
A01570113,1,1,1,1,0,1
A01197597,1,1,1,1,0,1
A01720834,0,1,1,1,1,1
A01702639,1,1,1,1,0,1
A01197876,1,1,1,1,0,1
A01274590,1,1,1,1,0,1
A01720596,1,1,1,1,0,1
A01568516,0,1,1,1,0,1
A01067082,1,1,1,1,0,1
A01284019,1,1,1,1,0,1
A01284967,1,1,1,1,0,1
A01382986,1,1,1,1,0,1
A01721108,1,1,1,1,0,1
A01284213,1,1,1,1,0,1
A01174069,1,0,1,1,0,1
A01721711,1,1,1,1,0,1
A01721038,1,1,1,1,0,1
A01383096,1,1,1,1,0,1
A01721636,1,1,1,1,0,1
A01740374,1,1,1,1,0,1
A01284348,1,1,1,1,0,1
A01654241,1,1,1,1,0,1
A01721202,1,1,1,1,0,1
A01720998,1,1,1,1,0,1
A01383045,1,1,1,1,0,1
A01721101,1,1,1,1,0,1
A01245408,1,1,1,1,0,1
A01383092,1,1,1,1,0,1
A01277332,1,1,1,1,0,1
A01177561,1,1,1,1,0,1
A01245435,1,0,1,1,0,1
A00835205,1,1,1,1,0,1
A01721401,1,1,1,1,0,1
A01177594,1,0,1,1,0,1
A01721481,1,1,1,1,0,1
A01284489,1,1,1,1,0,1
A01368061,1,1,1,1,0,1
A01740640,1,1,1,1,0,1
A01411722,1,1,1,1,0,1
A01570913,1,1,1,1,0,1
A01383304,1,1,1,1,0,1
A01732750,1,1,1,1,0,1
A01570952,1,1,1,1,0,1
A01721597,1,0,1,1,0,1
A01611668,1,1,1,1,0,1
A01275499,1,1,1,1,0,1
A01383395,1,0,1,1,0,1
A01368643,1,1,1,1,0,1
A00824230,1,1,1,1,0,1
A01026261,1,0,1,0,0,1
A01571143,1,1,1,1,0,1
A01721861,1,1,1,1,0,0
A01177712,1,1,1,1,0,1
A01704076,1,1,1,1,0,1
A01284650,1,1,1,1,0,1
A01656635,1,1,1,1,0,1
A01570966,1,1,1,1,0,1
A01655996,1,1,1,1,0,1
A01568739,1,1,1,1,0,1
A01383335,1,1,1,1,1,1
A01177713,1,1,1,1,0,1
A01571080,1,1,1,1,0,1
A01252361,1,1,1,1,0,1
A01383507,1,1,1,1,0,1
A01383387,1,1,1,1,0,1
A01721900,1,1,1,1,0,1
A01732596,0,1,1,1,0,1
A01568729,1,1,1,1,0,1
A01284616,1,1,1,0,0,1
A01284968,1,1,1,1,0,1
A01568818,1,1,1,1,0,1
A01568773,1,1,1,1,0,1
A01721746,1,1,1,1,0,1
A01252395,1,1,1,1,0,1
A01252455,1,1,1,1,0,1
A01747373,1,1,1,0,0,1
A01177842,1,1,1,1,0,1
A01411882,1,1,1,1,0,1
A01198101,1,1,1,1,0,1
A01732557,1,1,1,1,0,0
A01252400,1,1,1,1,0,0
A01368621,1,1,1,1,0,1
A01284984,1,1,1,1,0,1
A01198006,1,1,1,1,0,1
A01368666,1,1,1,1,0,1
A01285016,1,1,1,1,0,1
A01571063,1,1,1,1,0,1
A01721868,1,1,1,1,0,1
A01721912,1,1,1,1,0,1
A01198157,1,1,1,1,0,0
A01177815,1,1,1,1,0,1
A01747843,1,1,1,1,0,1
A01611744,1,1,1,1,0,1
A01740762,1,1,1,1,0,1
A01721801,1,1,1,1,0,1
A01721909,1,1,1,1,0,1
A01721871,1,1,1,1,0,1
A01252522,1,1,1,1,0,1
A01747125,1,1,1,1,0,1
A01177794,1,1,1,1,0,0
A01245422,1,1,1,1,0,1
A00227258,1,1,1,1,0,1
A00227337,1,1,1,1,0,1
A01352049,1,1,1,1,0,1
A01177949,1,1,1,1,0,1
A01656708,1,1,1,1,0,1
A01284786,1,0,1,0,0,1
A01198026,1,1,1,1,0,1
A01721877,1,1,1,1,0,0
A01384646,1,1,1,1,0,1
A00835297,1,1,1,1,0,1
A01198031,1,1,1,1,0,1
A01721806,1,1,1,1,0,1
A01284835,1,1,1,1,0,1
A01177708,1,1,1,1,0,1
A00227239,1,1,1,1,0,1
A01636295,1,1,1,1,0,1
A00232347,1,1,1,1,0,1
A01721960,1,1,1,1,0,1
A01747380,1,1,1,1,0,1
A01284662,1,1,1,1,0,1
A01233977,1,1,1,1,0,1
A01284836,1,1,1,1,0,1
A00572330,1,1,1,1,0,0
A01721659,1,1,1,1,0,1
A01722008,1,1,1,0,0,1
A01721883,1,1,1,1,0,1
A01284839,1,1,1,1,0,1
A01721807,1,1,1,1,0,1
A01177720,1,1,1,1,0,0
A01252523,1,1,1,1,0,1
A01275561,1,1,1,1,0,1
A01177742,1,1,1,1,0,1
A01252526,1,1,1,1,0,1
A01177891,1,1,1,1,0,1
A01284889,1,1,1,1,0,1
A01351969,0,1,1,1,0,1
A01284698,1,1,1,1,0,1
A01284799,1,1,1,1,0,1
A01174125,1,1,1,0,0,1
A01721928,1,1,1,1,0,1
A01721844,1,1,1,1,0,1
A01197996,1,1,1,1,0,1
A01233984,1,1,1,1,0,1
A01198089,1,1,1,1,0,1
A01177746,1,1,1,1,0,1
A00833965,1,1,1,1,0,1
A01656099,1,1,1,1,0,1
A01285055,1,1,1,1,0,1
A01635693,1,1,1,1,0,1
A01721767,1,1,1,1,0,1
A01721776,1,1,1,1,0,1
A01721735,1,1,1,1,0,1
A01177758,1,1,1,1,0,1
A01067393,1,1,1,1,0,1
A01552367,1,1,1,1,0,1
A01383442,1,1,1,1,0,1
A01174240,1,0,1,1,0,1
A00835358,1,1,1,1,0,1
A01411917,1,1,1,1,0,1
A01284708,1,1,1,1,0,1
A01721852,1,1,1,1,0,1
A01732686,1,0,1,0,0,1
A01383431,1,1,1,1,0,1
A01198015,1,1,1,1,0,1
A01368784,1,1,1,1,0,1
A01411850,1,1,1,1,0,1
A01722087,1,1,1,1,0,1
A01411852,1,1,1,1,0,1
A01284856,1,1,1,1,0,1
A01234426,1,1,1,1,0,1
A01612105,0,1,1,1,0,1
A01177749,1,1,1,1,0,1
A01368759,1,1,1,1,0,1
A01235692,0,1,1,1,0,1
A01177854,1,1,1,1,0,1
A01656059,1,1,1,1,0,1
A01722121,1,1,1,1,0,0
A01571094,1,1,1,1,0,1
A01656179,1,1,1,1,0,1
A01198016,1,1,1,1,0,1
A01285056,1,1,1,1,0,1
A01285052,1,1,1,1,0,1
A01722120,1,1,1,1,0,0
A01613533,1,1,1,0,0,1
A01721948,0,1,1,1,0,0
A01198177,1,1,1,1,0,1
A01722092,1,1,1,1,0,1
A01704849,1,1,1,0,0,1
A01722094,1,1,1,1,0,1
A01747966,1,1,1,1,0,1
A01722036,1,0,1,1,0,1
A01722100,1,1,1,1,0,1
A01541162,1,1,1,1,0,1
A00828901,1,1,1,1,0,1
A00833841,1,1,1,1,0,1
A01571186,1,1,1,1,0,1
A01704955,1,1,1,1,0,1
A00572495,1,1,1,1,0,0
A01246780,1,1,1,1,0,1
A00835184,1,1,1,1,0,1
A01770907,1,1,1,1,0,0
A00835400,1,1,1,1,0,1
A00829652,1,1,1,1,0,1
A01246464,1,1,1,1,0,1
A01235812,1,1,1,1,0,1
A01285163,1,1,1,1,0,1
A01656834,1,1,1,1,0,0
A01285160,1,1,1,1,0,1
A01276015,1,1,1,1,0,1
A00826904,1,1,1,1,0,1
A01748740,1,1,1,1,0,1
A01742254,1,1,1,1,0,1
A01285155,1,1,1,1,0,1
A01749005,1,1,1,1,0,1
A00829099,1,1,1,1,0,1
A00832909,1,1,1,1,0,1
A01285099,1,1,1,1,0,1
A01620815,1,1,1,1,0,1
A01177973,1,1,1,1,0,1
A01423741,1,0,1,1,0,1
A00232363,1,1,1,1,0,1
A01275749,1,1,1,1,0,1
A01733210,1,1,1,1,0,1
A01198226,1,1,1,1,0,1
A00572440,1,1,1,1,0,1
A01656422,1,0,1,1,0,1
A01566998,1,1,1,1,0,1
A01733423,1,1,1,1,0,1
A01285094,1,1,1,1,0,1
A01285076,1,1,1,1,0,1
A01620818,1,1,1,1,0,1
A00833968,1,1,1,1,0,1
A00835330,1,1,1,1,0,1
A00835126,1,1,1,1,0,1
A01742267,1,1,1,1,0,1
A00832669,1,1,1,1,0,1
A00832437,1,1,1,1,0,1
A00827923,1,1,1,1,0,1
A01733969,1,1,1,0,0,1
A01198512,1,1,1,1,0,1
A00832827,1,1,1,1,0,1
A01552603,1,1,1,1,1,1
A00834892,1,1,1,1,0,1
A00830234,1,1,1,1,0,1
A01781835,1,1,1,1,0,1
A00830360,1,1,1,1,0,1
A00832663,1,1,1,1,0,1
A00830347,1,1,1,0,0,1
A00830820,1,1,1,1,1,1
A00830047,1,1,1,0,0,1
A00830974,1,1,1,1,0,1
A00831672,1,1,1,1,1,1
A00830194,1,1,1,1,0,1
A01741722,1,1,1,1,0,1
A00831489,1,1,1,1,0,1
A00832060,1,1,1,1,0,1
A01562863,1,1,1,1,0,1
A00832700,1,1,1,1,0,1
A00832714,1,1,1,1,0,1
A00830321,0,1,1,1,0,1
A00831215,1,1,1,1,1,1
A00832716,1,1,1,1,0,1
A00832686,1,1,1,1,0,1
A00833305,1,1,1,1,0,0
A00833038,1,1,1,1,0,1
A00834403,1,1,1,1,0,1
A01236012,1,1,1,1,0,1
A01781274,1,0,1,1,0,1
A00833043,0,1,1,1,0,1
A00834284,1,1,1,1,0,1
A00832002,1,1,1,1,0,1
A00831953,1,1,1,0,0,1
A00832253,1,1,1,1,0,1
A00832463,1,1,1,1,0,1
A01424619,1,1,1,1,0,1
A01235995,1,0,1,1,0,1
A01253739,1,1,1,1,0,0
A00831751,1,1,1,1,0,1
A01236226,1,1,1,1,0,1
A00832152,1,1,1,1,0,1
A00833131,1,1,1,1,0,1
A00834350,1,1,1,1,0,1
A01625569,1,1,1,1,0,1
A01662118,1,1,1,1,0,1
A00834864,1,1,1,1,0,1
A00833486,1,1,1,1,0,1
A01735935,1,1,1,1,0,1
A01625508,1,1,1,1,0,1
A00833202,1,1,1,1,0,1
A01782188,1,1,1,1,0,1
A00833143,1,1,1,1,0,0
A00832900,1,1,1,1,0,1
A00833201,1,1,1,1,0,0
A01412634,1,1,1,1,0,1
A00835092,1,1,1,1,0,1
A00835104,1,1,1,1,0,1
A01662388,1,1,1,1,0,1
A00835191,0,0,1,1,0,1
A01384720,1,1,1,1,0,1
A00834528,1,1,1,0,0,1
A00832636,1,0,1,1,0,1
A00833140,1,1,1,1,0,1
A00834089,1,1,1,1,0,1
A00833260,1,1,1,1,0,1
A00833661,1,1,1,1,0,1
A00833090,1,1,1,1,0,1
A00832947,1,1,1,1,0,1
A00833787,1,1,1,1,0,1
A00834116,1,1,1,0,0,1
A00833211,1,1,1,1,0,1
A00832725,1,1,1,1,0,1
A00833335,1,1,1,1,0,1
A01236424,1,1,1,1,0,1
A00834967,0,1,1,1,0,1
A00832840,1,1,1,1,0,1
A00833321,1,1,1,1,0,1
A00834639,1,1,1,1,0,1
A01254216,1,1,1,1,0,1
A00834709,1,1,1,1,0,1
A00834875,1,1,1,1,0,1
A01625643,1,1,1,1,0,1
A00832921,1,1,1,0,0,1
A00833152,1,1,1,1,0,1
A00833285,1,1,1,1,0,1
A00833146,1,1,1,1,0,1
A01236334,1,1,1,1,0,1
A00832785,1,1,1,1,0,1
A00832682,1,1,1,1,0,1
A00833668,1,1,1,1,0,1
A00835108,1,1,1,1,0,1
A00833852,1,1,1,1,0,1
A00833986,1,0,1,1,0,1
A00833022,1,1,1,1,0,1
A00834523,1,1,1,1,0,1
A00833466,1,1,1,1,0,1
A00834149,1,1,1,1,0,1
A00834313,1,0,1,1,0,1
A00835073,1,0,1,1,0,1
A00834630,1,1,1,1,0,1
A00573461,1,1,1,1,0,1
A00832988,1,0,1,1,0,1
A00834145,1,1,1,1,0,1
A01736580,0,1,1,1,0,1
A00834217,1,1,1,1,0,1
A01254199,1,1,1,1,0,1
A01412664,1,1,1,1,0,1
A01254124,1,1,1,1,0,1
A01236390,1,1,1,1,0,1
A01384724,1,1,1,1,0,1
A01277249,1,1,1,1,0,0
A00834925,1,1,1,1,0,1
A00834654,1,1,1,1,0,1
A00834980,1,1,1,1,0,1
A00835138,1,1,1,1,0,1
A00833919,1,1,1,1,0,1
A00833241,1,1,1,1,0,1
A00834531,1,1,1,1,0,1
A00833742,0,0,1,0,0,1
A00833518,1,1,1,1,0,1
A00834296,1,0,1,1,0,1
A01625534,1,1,1,1,0,1
A00834031,1,1,1,1,0,1
A01236327,1,1,1,1,0,1
A00833633,1,1,1,1,0,1
A01736106,1,1,1,1,0,1
A00834559,1,1,1,1,0,1
A00834052,1,0,1,1,0,1
A01236388,1,1,1,1,0,1
A01736521,1,1,1,1,0,1
A00834124,1,1,1,1,0,1
A00834989,1,1,1,1,0,1
A01736506,1,1,1,1,0,1
A01736313,1,1,1,1,0,1
A01236343,1,0,1,1,0,1
A00834994,1,1,1,1,0,1
A00835409,1,1,1,1,0,1
A00834819,1,0,1,1,0,1
A00835034,0,1,1,0,0,1
A00835408,1,1,1,1,0,1
A00833422,1,1,1,1,0,1
A00833300,1,1,1,1,0,0
A00833419,1,1,1,1,0,1
A00833450,1,1,1,1,0,1
A01708895,1,1,1,1,0,1
A01736726,1,1,1,1,0,0
A01424823,1,1,1,1,0,1
A01236505,1,1,1,1,0,1
A00834119,1,1,1,1,0,1
A01570406,1,1,1,1,0,1
A01611268,1,1,1,1,0,1
A00819383,1,1,1,1,0,1
A01411808,1,1,1,1,0,1
A01283309,1,1,1,1,0,1
A00517181,1,1,1,1,0,1
A01570650,1,1,1,1,0,1
A01282490,1,1,1,1,0,1
A01174050,1,1,1,1,0,1
A01570410,1,1,1,1,0,1
A01720470,1,1,1,1,0,1
A01177221,1,1,1,0,0,1
A01720209,1,1,1,1,0,1
A01701727,0,0,1,1,1,1
A01721857,1,1,1,1,0,1
A01284596,1,1,1,1,0,1
A01280144,1,0,1,1,0,1
A01383419,1,1,1,1,0,1
A01740272,1,1,1,1,0,1
A00835456,1,1,1,1,0,1
A01285079,1,1,1,1,0,1
A01198156,1,1,1,1,0,1
A00232227,1,1,1,1,0,1
A01285059,1,1,1,1,0,1
A01284247,1,0,1,1,0,1
A01411960,1,1,1,1,0,1
A01570965,1,1,1,1,0,1
A01177022,1,1,1,1,0,1
A01731084,1,0,1,1,0,1
A01384318,1,1,1,1,0,1
A01740785,1,1,1,1,0,1
A01284991,1,1,1,1,0,1
A00797160,1,1,1,1,0,1
A01233748,1,0,1,1,0,1
A01731714,1,1,1,1,0,1
A01280586,1,1,1,1,0,1
A01282579,1,1,1,1,0,1
A00825972,1,1,1,1,0,1
A01368817,1,1,1,1,0,1
A01284916,1,1,1,1,0,1
A00571546,1,1,1,1,0,1
A01284874,1,1,1,1,0,1
A01198052,1,1,1,1,0,1
A01283005,1,1,1,1,0,1
A01284628,1,1,1,1,0,1
A01740625,1,1,1,1,0,1
A01067365,1,1,1,1,0,1
A01177765,1,1,1,1,0,1
A01177781,1,1,1,1,1,1
A01177733,1,1,1,1,0,1
A01570964,1,1,1,1,0,1
A01285096,1,1,1,0,0,1
A01383396,1,1,1,1,0,1
A01704499,1,1,1,1,0,1
A00832994,1,1,1,1,0,0
A01611642,1,1,1,1,0,1
A01177711,1,1,1,1,0,1
A01177778,1,1,1,1,0,0
A01721618,1,1,1,1,0,1
A01747012,1,1,1,1,0,1
A01635380,1,1,1,1,0,1
A01198022,1,1,1,1,0,1
A01721743,1,1,1,1,0,1
A01721641,1,1,1,1,0,1
A01740825,1,0,1,1,0,1
A00833378,1,1,1,1,0,0
A01635359,1,1,1,1,0,1
A01284922,1,1,1,1,0,1
A01570973,1,1,1,1,0,0
A01704260,1,1,1,1,0,1
A01568701,1,1,1,1,0,1
A01568732,1,1,1,1,0,1
A01610255,1,1,1,1,0,1
A01284735,1,1,1,1,0,1
A01198034,1,1,1,1,0,1
A01721864,1,1,1,1,0,1
A01704530,1,1,1,1,0,0
A01252376,1,1,1,1,0,1
A01571159,1,1,1,1,1,1
A01568722,1,1,1,1,0,1
A01570981,1,1,1,1,0,1
A01721749,1,1,1,1,0,0
A01280601,1,1,1,1,0,1
A01252425,1,1,1,1,0,1
A01252371,1,1,1,1,0,1
A01198051,1,1,1,1,0,1
A01721621,0,0,1,1,0,1
A01284926,1,1,1,1,0,1
A01174080,1,1,1,1,0,1
A01284740,1,1,1,1,0,1
A01382970,1,1,1,1,0,0
A01721647,1,1,1,1,0,1
A01635504,1,1,1,1,0,1
A01383359,1,1,1,1,0,1
A01368646,1,0,1,1,0,1
A01275064,1,1,1,1,0,0
A00835455,1,0,1,1,0,1
A01411657,1,1,1,1,0,1
A01284024,1,1,1,1,0,1
A01570813,1,1,1,1,0,1
A01411618,1,1,1,1,0,1
A01284008,1,1,1,1,0,1
A01177559,1,1,1,1,0,1
A01197805,1,1,1,1,0,1
A01284280,1,1,1,0,0,1
A01351763,1,1,1,1,0,1
A01284346,1,1,1,1,0,1
A01423354,1,1,1,1,0,1
A01745905,1,0,1,1,0,1
A01284505,1,1,1,1,0,1
A01284446,1,1,1,1,0,1
A01411770,1,1,1,1,0,1
A01284183,1,1,1,1,0,1
A01721087,1,1,1,1,0,1
A01731983,1,1,1,1,0,1
A00832000,1,1,1,1,0,1
A01721544,1,1,1,1,0,1
A01351828,1,1,1,1,0,1
A01025650,1,1,1,1,0,1
A01197997,1,1,1,1,0,1
A01174030,1,1,1,1,0,1
A00835328,1,1,1,1,0,1
A01368326,1,1,1,1,0,1
A01423588,1,1,1,1,0,1
A01383306,1,1,1,1,0,1
A01284986,1,1,1,1,0,1
A00572362,1,1,1,1,0,1
A01285003,1,1,1,1,0,1
A01704738,1,1,1,1,0,1
A01721643,1,1,1,1,0,1
A01275614,1,1,1,1,0,1
A01571097,1,1,1,1,1,1
A01235649,1,1,1,1,0,1
A01571177,1,1,1,1,0,1
A01611704,1,1,1,1,0,1
A01067507,1,1,1,1,0,1
A01177920,1,1,1,1,0,1
A01747822,1,0,1,1,0,1
A01198126,1,1,1,1,0,1
A01411949,1,1,1,1,0,1
A00227249,1,1,1,1,0,1
A01198008,1,1,1,1,0,1
A01284923,1,1,1,1,0,1
A01411905,1,1,1,1,0,1
A01197993,1,1,1,1,0,1
A01284884,1,1,1,1,0,0
A01721913,1,1,1,1,0,1
A00227291,1,1,1,1,0,1
A01571003,1,1,1,1,0,1
A01177906,0,0,1,0,0,1
A01721826,1,1,1,1,0,1
A01721802,1,1,1,1,0,1
A01736379,1,1,1,1,0,1
A01721666,1,1,1,1,0,1
A01252494,1,1,1,1,0,1
A01198009,1,1,1,1,0,1
A01411875,1,0,1,1,0,1
A01284718,0,1,1,1,1,1
A01721657,1,1,1,1,0,1
A01284689,1,1,1,1,0,1
A01177743,1,1,1,1,0,1
A01721638,1,1,1,1,0,1
A01284971,1,1,1,0,0,1
A01245639,1,1,1,1,0,1
A00232346,1,1,1,1,0,1
A01284997,1,1,1,1,0,1
A01721988,1,1,1,1,0,1
A01284757,0,1,1,1,0,1
A01284719,1,1,1,1,0,1
A01174121,1,1,1,1,0,1
A01721667,1,1,1,1,0,1
A01620724,1,1,1,1,0,1
A01747391,1,1,1,1,0,1
A01174127,1,1,1,1,0,1
A01352036,1,1,1,1,0,1
A01177893,1,1,1,1,0,1
A01177825,1,1,1,1,0,1
A01721766,1,1,1,1,0,1
A00831835,0,1,1,1,0,1
A01284891,1,1,1,1,0,1
A01656031,1,1,1,1,0,1
A01571071,1,1,1,1,0,1
A01177898,1,1,1,1,0,1
A01721843,1,0,1,1,0,1
A01284974,1,1,1,1,0,1
A01177851,1,1,1,1,0,1
A01740751,1,1,1,1,0,1
A01411879,1,1,1,1,0,1
A01284776,1,1,1,1,0,0
A01740821,1,1,1,1,0,1
A01703811,1,1,1,1,0,1
A01284958,1,1,1,1,0,1
A01747525,1,1,1,1,0,1
A01284906,1,1,1,1,0,1
A01252539,1,1,1,1,0,1
A01174179,1,1,1,1,0,1
A01747889,1,1,1,1,0,1
A00832019,1,1,1,1,0,1
A01198033,1,1,1,1,0,1
A01284711,1,1,1,1,0,1
A01571025,1,1,1,1,0,1
A01275659,1,1,1,1,0,1
A01721969,1,1,1,1,0,0
A00572322,1,1,1,1,0,1
A01722040,1,1,1,1,0,1
A01571235,1,1,1,1,0,1
A01275632,1,1,1,1,0,1
A01721967,1,1,1,1,0,1
A01275658,1,1,1,0,0,1
A01368790,1,1,1,1,0,1
A01540946,1,1,1,1,0,1
A01198252,1,1,1,1,0,0
A01722041,1,1,1,1,0,0
A01736524,1,1,1,1,0,1
A01177977,1,1,1,1,0,1
A01722098,1,1,1,1,0,1
A01027032,1,1,1,1,0,1
A01177963,1,1,1,1,0,0
A01411977,1,1,1,1,0,1
A01748453,1,1,1,1,0,1
A01733378,1,1,1,1,0,1
A01620801,1,1,1,1,0,1
A01566964,1,1,1,1,0,0
A01656346,1,1,1,1,0,1
A01285119,1,1,1,1,0,1
A01571239,0,1,1,1,0,1
A01383530,1,1,1,1,0,1
A01198248,1,1,1,1,0,0
A01275559,1,1,1,1,0,1
A01722148,1,1,1,1,0,1
A00833380,1,0,1,1,0,1
A01552439,1,1,1,1,0,1
A01742098,1,1,1,1,0,1
A01733452,1,1,1,1,0,1
A01411979,1,1,1,1,0,1
A01657071,1,1,1,1,0,1
A01285144,1,1,1,1,0,1
A00824473,0,1,1,1,0,1
A01285122,1,1,1,1,0,1
A00830497,1,1,1,1,0,1
A00833244,1,1,1,1,0,1
A00832662,1,1,1,1,0,1
A00832356,1,1,1,1,0,1
A00835014,0,0,1,1,0,1
A00833969,1,1,1,1,0,1
A01742337,1,1,1,1,0,1
A00833535,1,1,1,1,0,1
A00834514,1,1,1,1,0,1
A00832640,1,0,1,0,0,1
A00834599,1,0,1,1,0,1
A00833671,1,0,1,1,0,1
A01198289,0,0,1,0,0,1
A00572525,1,1,1,1,0,1
A01284907,1,1,1,1,0,1
A01721785,1,1,1,1,0,1
A01412354,1,1,1,1,0,1
A00833675,1,1,1,1,0,1
A00828030,1,1,1,1,0,1
A00834206,1,1,1,1,0,1
A01178241,1,1,1,1,0,1
A00830058,1,1,1,1,0,1
A00829981,1,1,1,1,0,1
A00830340,1,1,1,1,0,1
A01734756,1,1,1,1,0,1
A01734840,0,0,1,1,0,1
A00832016,0,0,1,1,0,1
A00835249,1,1,1,0,0,1
A00830122,1,1,1,1,0,1
A00828695,1,1,1,1,0,1
A01734991,1,1,1,1,0,1
A00828973,1,0,1,1,0,1
A00829180,1,1,1,1,0,1
A01383966,1,1,1,1,0,1
A00835222,1,1,1,1,0,1
A01424285,1,1,1,1,0,1
A01562247,1,0,1,1,0,1
A01625306,1,0,1,1,0,1
A01734708,1,1,1,1,0,1
A00831827,1,1,1,1,0,1
A00829931,1,1,1,1,0,1
A01752950,1,1,1,1,0,1
A01174653,1,1,1,1,0,1
A00835056,1,1,1,1,0,1
A01384386,1,1,1,1,0,1
A01253654,1,0,1,1,0,1
A00831825,1,1,1,1,0,1
A00831130,0,0,1,1,0,1
A01734765,1,1,1,1,0,1
A00831624,1,1,1,1,0,1
A01562408,1,1,1,1,0,1
A00831442,1,1,1,1,0,1
A01384331,1,1,1,1,0,1
A00831463,1,1,1,1,0,1
A00831766,1,1,1,1,0,1
A01735208,1,1,1,1,0,1
A00832127,1,1,1,1,0,1
A00831537,1,1,1,1,0,1
A00830605,1,0,1,1,0,1
A00831105,1,1,1,1,0,1
A00830600,1,1,1,1,0,1
A01562369,1,1,1,1,0,1
A00831882,1,1,1,1,0,1
A00835087,0,0,1,0,0,1
A00835233,1,1,1,1,0,1
A01254315,1,1,1,1,0,1
A00832673,1,0,1,1,0,1
A00832893,1,1,1,1,0,1
A00834279,0,1,1,0,0,1
A00833981,1,1,1,1,0,1
A00832639,1,1,1,1,0,1
A00833061,1,1,1,1,0,0
A01254131,1,1,1,1,0,1
A00832604,0,0,1,0,0,1
A00832711,1,1,1,1,0,1
A00832751,1,1,1,1,0,1
A00832659,1,1,1,1,0,1
A00833041,1,1,1,1,0,1
A00833067,1,1,1,1,0,1
A00832945,1,1,1,1,0,0
A00833400,1,1,1,1,0,1
A00833664,1,1,1,1,0,1
A00832704,1,1,1,1,0,1
A00833315,1,1,1,1,0,1
A00833132,1,1,1,1,0,1
A00833163,0,0,1,0,0,1
A00832657,1,1,1,1,0,1
A00833085,1,1,1,0,0,1
A00833119,1,1,1,1,0,1
A00833168,1,1,1,1,0,1
A00833571,1,1,1,1,0,1
A00833025,1,1,1,1,0,1
A01236322,1,1,1,1,0,1
A00833484,1,1,1,1,0,1
A00833338,1,1,1,1,0,1
A00833269,1,1,1,1,0,1
A01254276,1,1,1,1,0,1
A01642112,1,1,1,1,0,1
A00834788,1,1,1,1,0,1
A00833265,1,1,1,1,0,1
A00832857,1,1,1,1,0,1
A00833076,1,1,1,1,0,1
A00833147,1,1,1,1,0,0
A01641183,1,1,1,1,0,1
A01660896,1,1,1,1,0,1
A00832978,1,1,1,1,0,0
A00833014,1,1,1,1,0,1
A00833362,1,1,1,1,0,1
A00832746,0,1,1,0,0,1
A00833107,1,1,1,1,0,0
A00834899,1,1,1,1,0,1
A00833679,1,1,1,1,0,1
A00832329,1,1,1,1,0,1
A00834532,1,1,1,1,0,1
A00833051,1,1,1,1,0,1
A00227812,1,1,1,1,0,1
A01254043,1,1,1,1,0,1
A01753407,1,1,1,1,0,1
A00834699,1,1,1,1,0,1
A00833612,1,1,1,1,0,1
A00834536,1,1,1,1,0,1
A00832888,1,1,1,1,0,1
A00833562,1,1,1,1,0,1
A00833903,1,1,1,1,0,1
A00832812,1,1,1,1,0,1
A01736205,1,1,1,1,1,1
A01641612,1,1,1,1,0,1
A00832832,1,1,1,1,0,1
A00833196,1,1,1,1,0,0
A00834142,1,1,1,1,0,1
A00834614,1,1,1,1,0,1
A00832807,0,0,1,0,0,1
A00832948,1,1,1,1,0,1
A00834858,1,1,1,1,0,1
A01662172,1,1,1,1,0,1
A00833851,1,1,1,1,0,1
A00833462,1,1,1,1,0,1
A00834421,1,0,1,0,0,1
A01412768,1,1,1,1,0,1
A00835368,1,1,1,1,0,1
A00835118,1,1,1,1,0,1
A01412778,1,1,1,1,0,0
A01625647,1,1,1,1,0,1
A01562696,1,1,1,1,0,1
A00833784,1,1,1,1,0,1
A00573685,1,1,1,1,0,1
A00833599,1,1,1,1,0,1
A01661685,1,1,1,1,0,1
A01068190,1,1,1,1,0,1
A00834140,1,1,1,1,0,1
A00834014,1,1,1,1,0,1
A00835347,1,1,1,1,0,0
A00833284,1,1,1,1,0,1
A00834434,1,1,1,1,0,1
A01236314,1,1,1,1,0,1
A00835035,1,1,1,1,0,1
A01662695,1,1,1,1,0,1
A00834218,1,1,1,1,0,1
A00834310,1,1,1,1,0,1
A00834717,1,1,1,1,0,0
A01754954,1,1,1,1,0,1
A00835457,1,1,1,1,0,0
A00833346,0,1,1,1,0,1
A00833951,1,1,1,1,0,1
A00833240,1,1,1,1,0,1
A00834857,1,0,1,1,0,1
A01412765,1,1,1,1,0,1
A01736444,1,1,1,1,0,0
A00834411,1,1,1,1,0,1
A01662691,1,0,1,1,0,1
A01541610,1,1,1,1,0,1
A00833575,1,1,1,1,0,1
A01068225,1,1,1,1,0,1
A00835431,1,1,1,1,0,1
A01236450,1,1,1,1,0,1
A01782553,1,1,1,1,0,1
A01742350,1,0,1,0,0,1
A00834222,1,1,1,1,0,1
A01236331,0,0,1,0,0,1
A01771313,1,1,1,1,0,1
A00833178,0,1,1,1,1,1
A00835319,1,1,1,1,0,1
A00573618,0,0,1,0,0,1
A00835168,1,1,1,1,0,1
A00833568,1,1,1,0,0,1
A00833591,1,1,1,1,0,1
A00834904,1,1,1,1,0,1
A00833574,1,1,1,1,0,1
A01709199,1,1,1,1,0,1
A00834758,1,1,1,1,0,1
A00834724,1,1,1,1,0,1
A00832993,1,1,1,1,0,1
A01285014,1,1,1,1,0,1
A01198053,1,1,1,1,0,1
A00833469,1,1,1,1,0,1
A01280849,1,0,1,1,0,1
A01281830,1,1,1,0,0,1
A01740731,1,1,1,1,0,0
A01177175,1,1,1,1,0,1
A01284461,1,1,1,1,0,1
A01174130,1,1,1,1,0,1
A01731455,1,1,1,1,0,1
A01611339,0,1,1,0,0,1
A01251918,1,1,1,1,0,1
A01732109,1,0,1,1,0,1
A00818448,0,1,1,1,0,0
A00517254,1,1,1,1,0,1
A01197583,1,1,1,1,0,1
A01611313,1,1,1,1,0,1
A00227117,1,1,1,1,0,1
A01284322,1,1,1,1,0,1
A01411653,1,1,1,1,0,1
A01252048,1,1,1,1,0,1
A01245459,1,0,1,1,0,1
A00835124,1,1,1,1,0,1
A01721635,1,1,1,1,0,1
A00227160,1,1,1,1,1,1
A01721012,1,1,1,1,0,1
A01745413,1,1,1,1,0,1
A01284732,1,1,1,1,0,1
A01338316,1,1,1,1,0,1
A01720997,1,1,1,1,0,1
A01570908,0,0,1,1,1,1
A01284296,1,0,1,1,0,1
A01411609,1,1,1,1,0,1
A01197802,1,0,1,1,0,1
A01568720,1,1,1,1,0,1
A01281497,1,1,1,1,0,1
A01174012,1,1,1,1,0,1
A01721589,1,1,1,1,0,1
A01721405,1,1,1,1,0,1
A00835013,1,1,1,1,0,1
A01411412,1,1,1,1,0,1
A01197848,1,1,1,1,0,1
A01746369,1,1,1,1,0,1
A01423398,1,1,1,1,0,1
A01281500,1,1,1,1,0,1
A01067303,1,1,1,1,0,1
A01383397,1,1,1,1,0,1
A01620632,0,0,1,0,0,1
A01026238,0,0,1,0,0,1
A01423578,1,1,1,1,0,1
A01570740,1,1,1,1,0,1
A01721858,1,1,1,1,0,1
A01721725,1,1,1,1,0,1
A01368514,1,1,1,1,0,1
A01620661,1,1,1,1,0,0
A01280556,1,1,1,1,0,1
A01197980,1,1,1,1,0,1
A01746982,1,1,1,1,0,1
A01177966,1,1,1,1,0,0
A01177770,1,1,1,1,0,0
A01383390,1,1,1,1,0,1
A01704287,1,1,1,1,0,1
A01368516,1,1,1,1,0,1
A01284924,1,1,1,1,0,1
A01368551,1,1,1,1,0,1
A01570523,1,1,1,1,0,1
A01704294,1,1,1,1,0,1
A01284657,1,1,1,1,0,1
A01177964,1,1,1,1,0,1
A00369706,1,1,1,1,0,1
A01285169,1,1,1,1,0,1
A01620485,1,1,1,1,0,1
A01720922,1,1,1,1,0,1
A01740875,1,1,1,1,0,1
A01721981,1,1,1,1,0,1
A00571861,1,1,1,1,0,1
A01252043,1,1,1,1,0,1
A00834595,1,1,1,1,0,1
A01570807,1,1,1,1,0,1
A01635460,1,0,1,1,0,1
A01571162,1,1,1,1,0,1
A01177990,1,1,1,1,0,1
A01383541,1,1,1,1,0,1
A01721705,1,1,1,1,0,1
A01245633,1,1,1,1,0,0
A01571165,1,1,1,1,0,0
A01721555,1,1,1,1,0,1
A01284223,1,1,1,1,0,1
A01721959,1,1,1,1,0,1
A01721664,1,1,1,1,0,1
A01721381,1,1,1,1,0,1
A01721272,1,1,1,1,0,1
A01197864,0,1,1,1,0,1
A01245632,1,1,1,1,0,1
A01177797,1,1,1,1,0,1
A01284642,0,0,1,0,0,1
A01566942,1,1,1,1,0,0
A01198032,1,1,1,1,0,1
A00831458,1,1,1,1,1,1
A01197894,1,1,1,1,0,1
A01177614,1,1,1,1,0,1
A01721977,1,1,1,1,0,1
A01026494,1,1,1,1,0,1
A00834198,1,1,1,1,0,1
A01571051,1,0,1,1,0,1
A01722022,1,1,1,1,0,1
A01198197,1,0,1,1,0,1
A01721817,1,1,1,1,0,1
A01368466,1,1,1,1,0,1
A01234428,1,1,1,1,0,1
A01275727,1,1,1,1,0,1
A01704525,1,1,1,1,0,1
A01747831,1,1,1,1,0,1
A01383524,1,1,1,1,0,1
A01026305,1,1,1,1,0,1
A01026237,1,1,1,1,0,1
A01383353,1,1,1,1,0,1
A01198028,1,1,1,1,0,1
A01284845,0,0,1,0,0,1
A01721824,1,1,1,1,0,1
A00572174,1,1,1,1,0,1
A01721742,1,1,1,1,0,1
A01284880,1,0,1,0,0,1
A01721850,1,1,1,1,0,1
A01721692,0,1,1,1,0,1
A01722085,1,1,1,1,0,1
A01368704,1,1,1,1,0,1
A01721696,1,1,1,1,0,1
A01198045,1,1,1,1,0,1
A01177736,1,1,1,1,0,1
A01411863,1,1,1,1,0,1
A01197995,1,1,1,1,0,1
A01722112,1,0,1,1,0,1
A01285023,1,1,1,1,0,1
A01732703,1,1,1,1,0,1
A01721633,1,1,1,1,0,0
A01198172,1,1,1,1,0,1
A01571039,1,1,1,1,0,1
A01275679,1,1,1,1,0,1
A01177914,1,1,1,1,0,1
A01411877,1,1,1,1,0,1
A01704733,1,1,1,1,0,1
A01284682,1,1,1,1,0,1
A01177975,1,1,1,1,0,1
A01411837,1,1,1,1,0,1
A01568740,0,1,1,1,0,0
A00572201,1,1,1,1,0,1
A00824574,0,0,1,0,0,1
A01568653,1,1,1,1,0,1
A01570573,1,1,1,1,0,1
A01275008,1,1,1,1,0,1
A01198025,1,1,1,1,0,1
A01198020,1,1,1,1,0,1
A01721903,1,1,1,1,0,1
A01252421,1,1,1,1,0,1
A01740692,1,1,1,1,0,1
A01284195,1,1,1,1,0,1
A01411746,1,1,1,1,0,1
A01611222,0,0,1,1,0,1
A01284660,1,1,1,1,1,1
A01284747,1,1,1,1,0,1
A01568578,1,1,1,1,0,1
A01251890,1,1,1,1,0,1
A00232318,1,1,1,1,0,1
A01732614,1,1,1,1,0,1
A01275539,1,1,1,1,0,1
A01733469,1,1,1,1,0,1
A01252854,1,1,1,1,0,1
A00232343,1,1,1,1,0,1
A01245784,1,1,1,1,0,1
A01540444,1,1,1,1,0,1
A01721921,1,1,1,1,0,0
A01285129,1,1,1,1,0,1
A01284760,1,1,1,1,0,1
A01235641,1,1,1,1,0,1
A01351947,1,1,1,1,0,1
A01284702,1,1,1,1,0,1
A01177879,1,1,1,1,0,1
A01611867,1,1,1,1,0,1
A01177881,1,1,1,1,0,1
A01732799,1,1,1,1,0,1
A01571236,1,1,1,1,0,1
A01198201,1,1,1,1,0,0
A01284775,1,1,1,1,0,1
A01284707,1,1,1,1,0,1
A01721695,1,1,1,1,0,1
A01067387,1,1,1,1,0,1
A01284999,1,1,1,1,0,1
A01026654,0,0,1,0,0,1
A01198176,1,1,1,1,0,1
A01566947,1,1,1,1,0,1
A01732921,1,1,1,1,0,1
A01571026,1,1,1,1,0,1
A01740828,1,1,1,1,0,1
A01198110,1,1,1,1,0,1
A01285000,1,1,1,1,0,1
A01198180,1,1,1,1,0,1
A01198125,0,1,1,1,0,0
A01198167,1,1,1,1,0,1
A01198186,1,1,1,1,0,1
A01174113,1,1,1,1,0,1
A01246395,1,1,1,1,0,1
A01285044,0,1,1,1,0,1
A01747973,1,1,1,1,0,1
A01177944,1,1,1,1,0,1
A01198023,0,0,1,0,0,1
A01656386,1,1,1,1,0,0
A01177995,1,1,1,1,0,1
A01722104,1,1,1,0,0,1
A01178009,1,1,1,1,0,1
A01411874,1,1,1,1,0,1
A01383448,1,1,1,1,0,1
A01368605,1,1,1,1,0,1
A01411954,1,1,1,1,0,1
A01198261,1,1,1,1,0,1
A01721772,1,1,1,1,0,1
A01571154,1,1,1,1,0,1
A01235696,1,1,1,1,0,1
A01748717,1,1,1,1,0,1
A00833617,1,1,1,1,0,1
A01721673,1,1,1,1,0,1
A01423632,0,1,1,0,0,0
A01721911,1,1,1,1,0,1
A01198300,1,1,1,1,0,0
A01275932,1,1,1,1,0,1
A00832278,1,1,1,1,0,1
A01721803,1,1,1,1,0,1
A01705261,1,1,1,1,0,1
A01708148,1,1,1,1,0,1
A01721718,1,1,1,1,0,1
A00832969,1,1,1,1,0,0
A00833898,1,1,1,1,0,1
A01423661,1,1,1,1,0,1
A01285066,1,1,1,1,0,1
A01285031,1,1,1,1,0,0
A01177867,1,1,1,1,0,1
A01352045,1,1,1,1,0,1
A00834688,1,1,1,1,0,1
A01722050,1,1,1,1,0,1
A01285006,1,1,1,1,0,0
A01722139,1,1,1,1,0,1
A01178019,1,1,1,1,0,1
A00835399,1,1,1,1,0,0
A01740965,1,1,1,1,0,0
A00834084,1,1,1,1,0,1
A01571228,1,1,1,1,0,1
A01722186,1,1,1,1,0,1
A01235785,1,1,1,1,0,1
A00833971,1,1,1,1,0,1
A01253159,1,1,1,1,0,1
A00835247,1,1,1,1,0,0
A01722191,1,1,1,1,0,1
A01741912,0,1,1,0,0,1
A00833766,1,1,1,1,0,1
A00829969,1,1,1,1,0,1
A01734959,1,1,1,1,0,1
A00830193,1,1,1,1,0,1
A01750860,1,1,1,1,0,0
A01253310,1,1,1,1,0,1
A01383954,1,1,1,1,0,1
A01424982,1,1,1,1,0,1
A00830475,1,1,1,1,0,1
A00831369,1,1,1,1,0,1
A01412373,1,1,1,1,0,1
A00831298,1,1,1,0,0,1
A01722654,1,1,1,1,0,0
A01705868,1,1,1,1,0,1
A00829837,1,1,1,1,0,1
A00831609,1,1,1,1,0,1
A00831860,1,1,1,1,0,1
A00829465,0,0,1,0,0,1
A00831144,1,1,1,1,0,1
A01640164,1,1,1,1,0,1
A01384297,1,1,1,1,0,1
A00831270,1,1,1,1,0,1
A00830621,1,1,1,1,0,1
A00833756,1,1,1,1,0,1
A00831541,1,1,1,1,0,1
A00831425,1,1,1,1,0,1
A01735327,1,1,1,1,0,1
A00829909,1,1,1,1,0,1
A00830618,1,1,1,1,0,1
A01660140,1,1,1,1,0,1
A00831742,1,1,1,0,0,1
A00832409,1,1,1,1,0,1
A00830708,1,1,1,1,0,1
A00830127,1,1,1,1,0,1
A00830196,1,1,1,1,0,1
A00830921,1,1,1,1,1,1
A00832561,1,1,1,1,0,1
A01384385,1,1,1,1,0,1
A00833772,1,1,1,0,0,1
A00833774,1,1,1,1,0,1
A01412518,1,1,1,1,0,1
A00831889,1,1,1,1,0,1
A00833769,1,1,1,1,0,1
A00832685,1,1,1,1,0,1
A00833037,1,1,1,1,0,1
A00833317,1,1,1,1,0,1
A00833193,1,1,1,1,0,1
A01277295,1,1,1,1,0,1
A01562603,1,1,1,1,0,1
A00832861,1,1,1,1,0,1
A01625514,1,1,1,1,0,1
A00830247,1,1,1,1,0,1
A00833058,1,1,1,1,0,0
A00833135,1,1,1,1,0,1
A00832979,1,1,1,1,0,1
A00833324,1,1,1,1,0,1
A00832697,1,1,1,1,0,1
A00832720,1,1,1,1,0,0
A00833113,1,1,1,1,0,1
A00830090,1,1,1,1,0,1
A00832886,1,1,1,1,0,0
A00832598,1,1,1,1,0,1
A01254022,1,1,1,1,0,1
A00833654,1,1,1,1,0,1
A00833609,1,1,1,1,0,1
A00832920,1,1,1,1,0,1
A00833404,1,1,1,1,0,1
A00832099,1,1,1,1,0,1
A00832934,1,0,1,0,0,1
A00833153,1,1,1,1,0,1
A01412559,1,1,1,1,0,1
A00832749,1,1,1,1,0,1
A00833197,1,1,1,1,0,1
A00573137,1,1,1,1,0,1
A00835301,1,1,1,1,0,1
A00834275,1,1,1,1,0,1
A01412633,1,1,1,1,0,1
A01735970,1,1,1,1,0,1
A00833636,1,1,1,1,0,1
A00832708,1,1,1,1,0,0
A01708048,1,1,1,1,0,1
A00831125,1,1,1,1,0,1
A00832766,1,1,1,1,0,1
A00833031,1,1,1,1,0,1
A00832650,1,0,1,0,0,1
A00834225,1,1,1,1,0,0
A01236345,1,1,1,1,0,1
A00833121,1,1,1,1,0,1
A00833126,1,1,1,1,0,1
A00833706,1,1,1,1,0,1
A01384618,1,1,1,1,0,1
A00833872,1,1,1,1,0,1
A00834015,1,1,1,1,0,1
A00834060,1,1,1,1,0,1
A01412733,1,1,1,1,0,1
A01736460,1,1,1,1,0,1
A00834249,1,1,1,1,0,1
A00834360,1,0,1,1,0,1
A00833416,1,1,1,1,0,1
A01384635,1,1,1,1,0,1
A00834802,1,1,1,1,0,1
A00833786,1,1,1,1,0,1
A00833539,1,1,1,1,0,1
A00832928,0,0,1,0,0,1
A00832220,1,1,1,1,0,1
A01384628,1,1,1,1,0,1
A00834028,1,1,1,1,0,1
A00834135,1,1,1,1,0,1
A00833859,1,1,1,1,0,0
A00834849,1,1,1,1,0,1
A00834019,1,1,1,1,0,0
A00834334,1,1,1,1,0,1
A00832755,1,1,1,1,0,0
A01236283,1,1,1,1,0,1
A00834335,1,1,1,1,0,1
A00835131,1,1,1,1,0,1
A00834798,1,1,1,1,0,1
A00834129,1,1,1,1,0,1
A00835335,1,1,1,1,0,1
A00835006,0,0,1,0,0,1
A01742314,1,1,1,1,0,1
A00834660,1,1,1,1,0,1
A00832740,1,1,1,1,0,1
A00834533,1,1,1,1,0,1
A00833594,1,1,1,1,0,1
A01236311,1,1,1,1,0,1
A00834669,1,1,1,1,0,1
A01562592,1,1,1,1,0,1
A01236512,0,1,1,1,0,1
A01254228,1,1,1,1,0,1
A00833158,1,1,1,1,0,1
A00834416,1,1,1,1,0,1
A01742393,1,1,1,1,0,0
A01709655,1,1,1,1,0,1
A01236518,0,1,1,1,0,1
A01424895,1,1,1,1,0,1
A00835044,1,1,1,1,0,1
A01236407,1,1,1,1,0,1
A00835426,1,1,1,1,0,1
A00833170,1,1,1,1,0,1
A00833045,1,1,1,1,0,1
A01384755,0,1,1,1,0,1
A00834431,1,1,1,1,0,1
A00833173,1,1,1,1,0,1
A00833424,1,1,1,1,0,1
A01236267,1,1,1,1,0,1
A00833273,1,1,1,1,0,1
A00833181,1,1,1,1,0,1
A01742366,1,1,1,1,0,1
A00833743,1,0,1,1,0,1
A00834302,1,1,1,1,0,1
A01641567,1,1,1,1,0,1
A01742259,1,1,1,1,0,1
A01613310,1,1,1,1,0,1
A00573713,1,1,1,1,0,1
A00835171,1,1,1,1,0,1
A00835268,1,1,1,1,0,1
A01736721,1,1,1,1,0,0
A00573743,1,1,1,1,0,1
A01236483,1,1,1,1,0,0
A00835410,1,1,1,1,0,1
A01709658,1,1,1,1,0,1
A01412774,1,1,1,1,0,1
A01732158,0,1,1,1,0,1
A01740607,1,1,1,1,0,1
A01570916,1,1,1,1,0,1
A00830037,1,1,1,1,0,1
A01720807,1,0,1,1,0,1
A01251585,1,1,1,1,0,1
A01284988,1,1,1,1,0,1
A01251513,1,1,1,1,0,1
A01282181,1,1,1,1,0,1
A01173645,1,1,1,1,0,1
A01284647,1,1,1,1,0,1
A01284676,1,1,1,1,0,1
A01284578,1,1,1,1,0,1
A01720809,1,1,1,1,0,1
A01280911,1,1,1,1,0,1
A01026587,1,1,1,1,0,1
A01177780,1,1,1,1,0,1
A01383338,1,1,1,1,0,1
A01138765,1,0,1,1,0,1
A01383158,0,1,1,1,1,1
A01701751,1,1,1,1,0,1
A00832332,1,1,1,1,1,1
A00832992,1,1,1,1,0,1
A01284673,1,1,1,1,0,1
A01368580,1,1,1,1,0,1
A01173865,0,1,1,1,0,1
A00832660,1,1,1,1,0,1
A01571059,1,1,1,1,0,1
A01197253,1,1,1,0,0,1
A01284598,1,1,1,1,0,0
A01177956,1,1,1,1,0,1
A01114794,1,1,1,1,0,1
A01067389,0,0,1,1,0,1
A01282999,1,1,1,1,0,1
A01284919,1,1,1,1,0,0
A01176611,1,1,1,1,0,1
A01731408,1,1,1,1,0,1
A01194399,1,1,1,1,0,1
A00571769,1,1,1,1,0,1
A01039819,1,1,1,1,0,1
A01280578,1,1,1,1,0,1
A01570549,1,1,1,1,0,1
A01173848,1,1,1,1,0,1
A01197826,1,0,1,1,0,1
A01721011,1,1,1,1,0,1
A01284157,1,0,1,1,1,1
A01275769,1,1,1,1,0,1
A01721887,1,1,1,1,0,1
A01425020,1,1,1,1,0,1
A01721582,1,1,1,1,0,1
A01198000,1,1,1,1,0,1
A01177959,1,1,1,1,0,1
A00824697,1,1,1,1,0,1
A01198072,1,1,1,1,0,1
A01198001,1,1,1,0,0,1
A01178011,1,1,1,1,0,1
A01746987,1,1,1,1,0,1
A01721642,1,1,1,1,0,1
A01721701,1,1,1,1,0,1
A01620713,1,1,1,1,0,1
A01721899,1,1,1,1,0,1
A00835321,1,1,1,1,0,1
A01284869,1,1,1,1,0,1
A01570975,1,1,1,1,0,1
A01411851,1,1,1,1,0,1
A01571120,1,1,1,1,0,1
A01284736,1,1,1,1,0,1
A01568707,1,1,1,1,0,1
A01383352,1,1,1,1,0,1
A01570977,1,1,1,1,0,1
A01722147,1,1,1,1,0,1
A01284778,1,1,1,1,0,1
A01198116,1,1,1,1,0,1
A01284953,1,1,1,1,0,1
A01570961,1,1,1,1,0,1
A01252383,1,1,1,1,0,1
A01653218,1,1,1,1,0,1
A01720382,1,1,1,1,0,1
A01411471,1,1,1,1,0,1
A01284993,1,1,1,1,0,1
A01177636,1,0,1,1,0,1
A01704232,1,1,1,1,0,1
A01284883,1,1,1,1,0,1
A01173854,1,1,1,1,0,1
A01611205,1,1,1,1,0,1
A01367426,1,1,1,1,0,1
A01197699,1,1,1,0,0,1
A00227266,1,1,1,1,0,1
A01284637,1,1,1,1,0,1
A01383056,1,1,1,1,0,1
A01423242,1,1,1,1,0,1
A01251941,1,1,1,1,0,1
A00826105,1,1,1,1,0,1
A01198079,1,1,1,1,0,1
A01721199,1,1,1,1,0,1
A01721141,1,1,1,1,0,1
A01197677,1,1,1,1,0,1
A01654798,1,1,1,1,0,1
A01721103,1,1,1,1,0,1
A01721223,1,1,1,1,0,1
A01177633,1,1,1,1,0,1
A01368595,1,1,1,1,0,1
A00571886,1,1,1,1,0,1
A01197941,1,1,1,1,0,1
A01067155,1,1,1,1,0,1
A01721245,1,1,1,1,0,1
A01245677,1,1,1,1,0,1
A01177622,1,1,1,1,0,1
A01025304,1,0,1,1,0,1
A01252106,1,1,1,1,0,1
A01721201,1,1,1,1,0,1
A01177539,1,1,1,1,0,1
A01352000,1,1,1,1,0,1
A00832082,1,1,1,1,0,1
A01383111,1,1,1,1,0,1
A01177798,1,1,1,0,0,1
A01368710,1,1,1,1,0,1
A01732715,0,1,1,1,0,0
A00832418,1,1,1,1,0,1
A01284398,1,1,1,1,0,1
A01177615,1,1,1,1,0,1
A01235460,1,1,1,1,0,1
A01284768,1,1,1,1,0,1
A01635137,1,1,1,1,0,1
A00829872,1,1,1,1,0,1
A01284551,1,1,1,1,0,1
A01566885,1,1,1,1,0,1
A01571021,1,1,1,1,0,0
A01177882,1,1,1,1,0,1
A01566895,1,1,1,1,0,1
A01197925,1,1,1,1,0,1
A01252295,0,1,1,1,0,1
A01746468,1,1,1,1,1,1
A01198087,1,0,1,1,0,1
A01275988,1,1,1,0,0,0
A00833604,1,1,1,1,0,1
A00828900,1,1,1,1,0,1
A01742284,1,1,1,1,0,1
A01552368,1,1,1,1,0,1
A01026828,1,1,1,1,0,1
A01722074,1,0,1,1,0,1
A01284898,0,1,1,1,0,1
A01235632,1,1,1,1,0,1
A01721780,1,1,1,1,0,1
A01235589,1,1,1,1,0,1
A01252610,1,1,1,1,0,1
A01275656,1,1,1,1,0,1
A01284900,1,1,1,1,0,1
A01566935,1,1,1,1,0,1
A01198152,1,0,1,1,0,1
A01636429,1,1,1,1,0,1
A01351998,1,1,1,1,0,1
A01198108,1,1,1,1,0,1
A01284976,1,1,1,1,0,1
A01411943,1,1,1,1,0,1
A01177887,1,1,1,1,0,1
A01177931,1,1,1,1,0,1
A01383332,1,1,1,1,0,0
A00572183,1,1,1,1,0,1
A01570978,1,1,1,1,0,1
A01284739,1,1,1,1,0,1
A01177961,1,1,1,1,0,1
A01198069,1,1,1,1,0,1
A01177907,1,1,1,1,0,1
A01178001,1,1,1,1,0,1
A01721747,1,1,1,1,0,1
A01721727,1,1,1,1,0,1
A01284877,1,1,1,1,0,1
A01571160,1,1,1,1,0,1
A01026384,1,1,1,1,0,0
A01571064,1,1,1,1,0,1
A01284621,1,0,1,1,0,1
A01721660,1,1,1,1,0,1
A01252512,1,1,1,1,0,1
A00227275,1,1,1,1,0,0
A01197986,1,0,1,1,0,1
A01721752,1,1,1,1,0,1
A01284724,1,1,1,1,0,1
A01245715,1,1,1,1,0,1
A01177796,1,1,1,1,0,1
A00832778,1,1,1,1,0,1
A01732626,1,1,1,1,0,1
A00227292,1,1,1,1,0,1
A01721717,1,1,1,1,0,1
A01571014,1,1,1,1,0,1
A01233993,1,1,1,1,0,0
A01198200,1,1,1,1,0,1
A01383427,1,1,1,1,0,1
A01245653,1,1,1,1,0,1
A01284640,1,1,1,1,0,1
A01721652,1,1,1,1,0,1
A01234564,1,0,1,1,0,1
A01411926,1,1,1,1,0,1
A00833967,1,1,1,1,0,1
A01285114,1,1,1,1,0,1
A01284644,1,1,1,1,0,1
A01284796,1,1,1,1,0,1
A01383416,1,1,1,1,0,1
A01721964,1,1,1,1,0,1
A01177900,1,1,1,1,0,1
A01722031,1,1,1,1,0,0
A01198243,1,1,1,1,0,1
A00834742,1,1,1,1,0,1
A01198189,1,1,1,1,0,1
A01721774,1,1,1,1,0,1
A01740784,1,1,1,1,0,1
A01284820,1,1,1,1,0,1
A01198103,0,1,1,1,0,1
A01177877,1,1,1,1,0,1
A01285083,1,1,1,1,0,1
A01285102,1,1,1,1,0,1
A01198084,1,1,1,1,0,1
A01284892,1,1,1,1,0,1
A01571237,1,1,1,1,0,1
A01540979,1,1,1,1,0,1
A01177850,1,1,1,0,0,1
A00572343,1,1,1,1,0,1
A01026424,1,1,1,1,0,1
A01198142,1,1,1,1,0,1
A00832042,1,1,1,1,0,1
A00833003,1,1,1,1,0,1
A00832808,1,1,1,1,0,1
A00826794,1,0,1,1,0,1
A00572528,1,1,1,1,0,1
A01657163,1,0,1,1,0,1
A01285179,1,1,1,1,0,1
A00828151,1,1,1,1,1,1
A01735832,0,1,1,1,0,0
A01552499,1,1,1,1,0,0
A01657283,1,1,1,1,0,1
A00833966,1,1,1,0,0,1
A01285036,1,1,1,1,0,1
A01284784,1,1,1,1,0,1
A01722127,1,1,1,1,0,0
A00833386,1,1,1,1,0,1
A00572341,1,1,1,1,0,1
A01252611,1,1,1,1,0,1
A07020615,1,1,1,1,0,1
A01284868,1,1,1,1,0,1
A01284946,1,1,1,1,0,1
A01198122,0,0,1,0,0,1
A01252600,0,1,1,0,0,1
A01540883,1,1,1,1,0,1
A01722144,1,1,1,1,0,1
A01704982,1,1,1,1,0,1
A01571200,1,1,1,1,0,1
A01411927,1,1,1,1,0,1
A01704745,1,1,1,1,0,1
A01722136,1,1,1,1,0,1
A00832999,1,1,1,1,0,1
A01656299,1,1,1,1,0,1
A01620800,1,1,1,1,0,1
A00834515,1,1,1,1,0,1
A01656952,1,1,1,1,0,1
A01275854,1,1,1,1,0,1
A01285164,1,1,1,1,0,1
A01705106,1,1,1,1,0,1
A00835101,1,1,1,1,0,1
A01742377,1,1,1,1,0,1
A01613360,1,1,1,1,0,1
A00833893,1,1,1,1,0,1
A01285616,1,1,1,1,0,1
A00833011,1,1,1,1,0,1
A00829152,1,1,1,1,0,1
A01722792,1,1,1,1,0,1
A00831117,1,1,1,1,0,1
A00832324,1,1,1,1,0,1
A00830852,1,1,1,1,0,1
A00830642,1,1,1,1,0,1
A00829906,1,1,1,1,0,1
A00829947,1,1,1,1,0,1
A01562364,1,1,1,1,0,1
A01659819,1,1,1,1,0,0
A00830523,1,1,1,1,0,1
A01741732,1,1,1,1,0,1
A01562532,1,1,1,1,0,1
A00829955,0,1,1,1,0,1
A00830442,1,1,1,1,0,1
A00833389,1,1,1,1,0,1
A00834602,1,1,1,1,0,1
A01174448,1,1,1,1,0,1
A01198699,1,1,1,1,0,1
A00829940,1,1,1,1,0,1
A00832853,1,1,1,1,0,1
A00832871,1,1,1,1,0,1
A00832493,1,1,1,1,0,1
A00833019,1,1,1,1,0,1
A01236225,1,1,1,1,0,1
A00832703,1,1,1,1,0,1
A00573430,1,1,1,1,0,1
A00834520,1,1,1,1,0,1
A00832416,1,1,1,1,0,1
A00832331,1,1,1,1,0,1
A00831181,1,1,1,1,0,1
A01384721,1,1,1,1,0,1
A00832634,1,1,1,1,0,1
A01412564,1,1,1,1,0,1
A00832780,1,1,1,1,0,0
A00833755,0,0,1,0,0,1
A00832854,1,1,1,1,0,1
A00831616,1,1,1,1,0,1
A00832496,1,1,1,1,0,0
A00832558,1,1,1,1,0,1
A00832643,1,1,1,1,0,1
A00830552,1,1,1,1,0,0
A00832683,1,1,1,1,0,1
A00831797,1,0,1,0,0,1
A00832735,1,1,1,1,0,1
A01613034,1,1,1,1,0,1
A00832952,1,1,1,1,0,1
A01412440,1,0,1,1,0,1
A00832423,1,1,1,1,0,1
A00832864,1,1,1,1,0,1
A00833368,0,0,1,0,0,0
A01735821,1,1,1,1,0,1
A01707474,1,1,1,1,0,1
A00833936,1,1,1,1,0,1
A00833869,1,1,1,1,0,1
A01735864,1,1,1,1,0,1
A00833203,1,1,1,1,0,1
A00833413,1,1,1,1,0,1
A00834308,1,1,1,1,0,1
A00833339,1,1,1,1,0,1
A00833345,1,1,1,1,0,1
A00833468,1,1,1,1,0,1
A01236305,1,1,1,1,0,1
A00834037,1,1,1,1,0,1
A01068133,1,1,1,1,0,1
A00832793,1,1,1,1,0,0
A00833275,1,1,1,1,0,1
A00833563,1,1,1,1,0,1
A00833060,1,1,1,1,0,1
A00833251,1,1,1,1,0,1
A00834465,1,0,1,1,0,1
A00833279,1,1,1,1,0,1
A00833924,1,1,1,1,0,1
A00833653,1,1,1,1,0,1
A00832890,1,1,1,1,0,1
A00832787,1,1,1,1,0,1
A00833128,1,1,1,1,0,1
A00833915,1,1,1,1,0,1
A00833537,1,1,1,1,0,1
A01236392,1,1,1,1,0,1
A00834023,1,1,1,1,0,1
A00833319,1,0,1,1,0,1
A00227836,1,1,1,1,0,1
A00834286,1,1,1,1,0,1
A01236284,1,1,1,1,0,1
A00833456,1,0,1,1,0,1
A00834848,1,1,1,1,0,1
A00833482,1,1,1,1,0,1
A01754270,1,1,1,1,0,1
A00832687,1,1,1,1,0,1
A00833267,1,1,1,1,0,1
A01753918,1,1,1,1,0,1
A00833127,1,1,1,1,0,1
A00833807,1,1,1,1,0,1
A00833619,1,1,1,1,0,1
A00833405,1,1,1,1,0,1
A00833238,1,1,1,1,0,0
A00833298,1,1,1,1,0,1
A00834213,1,1,1,0,0,1
A00834903,1,1,1,1,0,1
A00833054,1,1,1,0,0,1
A01625609,1,1,1,1,0,1
A00834987,1,1,1,1,0,1
A01709591,1,1,1,1,0,1
A00833588,1,1,1,1,0,1
A00833418,1,1,1,1,0,1
A01562710,1,1,1,1,0,1
A00835040,1,1,1,1,0,1
A00833747,1,1,1,1,0,1
A00834537,1,1,1,1,0,1
A00835113,1,1,1,0,0,1
A01736113,1,0,1,1,0,1
A00834850,1,1,1,1,0,1
A00834320,1,0,1,1,0,1
A00834820,1,1,1,1,0,0
A00834429,1,1,1,1,0,1
A01068230,1,1,1,1,0,1
A00834136,1,1,1,1,0,1
A00834240,1,1,1,1,0,1
A01754738,1,1,1,1,0,1
A01642219,1,1,1,1,0,1
A00834351,1,1,1,1,0,1
A00834447,1,1,1,1,0,1
A00835135,1,1,1,1,0,1
A01642253,0,0,1,0,0,1
A00834771,0,1,1,1,0,1
A01236456,1,1,1,1,0,1
A01709313,1,1,1,1,0,1
A00834764,1,1,1,1,0,1
A01236463,1,1,1,1,0,1
A00835080,1,1,1,1,0,1
A00834631,1,1,1,1,0,1
A00834829,1,1,1,1,0,1
A00835002,1,1,1,1,0,1
A01798149,1,1,1,1,0,1
A01562833,1,1,1,1,0,1
A00834998,1,1,1,1,0,1
A01754961,1,1,1,1,0,1
A01736665,1,1,1,1,0,1
A00835212,1,1,1,1,0,1
A01236470,1,0,1,1,0,1
A00835146,1,0,1,1,0,1
A00835386,1,1,1,1,0,1
A00834657,1,0,1,1,0,1
A00831163,1,1,1,1,0,1
A01280475,1,1,1,1,0,1
A00834390,1,1,1,1,0,1
A01284987,1,0,1,1,0,1
A01283688,1,1,1,1,0,1
A01251674,0,0,1,1,0,1
A01283965,1,1,1,0,0,1
A00571856,1,1,1,1,1,1
A00832991,1,1,1,1,0,1
A01173869,1,1,1,1,1,1
A01703134,1,1,1,1,0,1
A01367890,1,1,1,1,0,1
A01235327,1,1,1,1,0,1
A01411667,1,1,1,1,0,1
A00835153,1,0,1,1,0,1
A01284531,1,1,1,1,0,1
A01284787,1,1,1,1,0,1
A01411732,1,1,1,1,0,1
A01025648,1,1,1,0,0,1
A01721322,1,0,1,1,0,1
A01721235,1,1,1,1,0,1
A01280554,1,1,1,1,0,0
A00711813,1,1,1,0,0,1
A00833963,1,1,1,1,0,1
A01570919,1,1,1,1,0,1
A01412737,1,1,1,1,0,1
A01730548,1,1,1,1,0,1
A01177994,1,1,1,1,0,1
A01284728,1,1,1,1,0,1
A01283308,1,1,1,1,0,1
A01283192,1,1,1,1,0,1
A01378068,1,1,1,1,0,1
A01067468,1,1,1,1,0,0
A01285149,1,0,1,1,0,1
A01177267,1,1,1,1,0,1
A01176996,1,0,1,1,0,1
A01570618,1,1,1,1,0,1
A01177811,1,1,1,1,0,1
A01782133,1,1,1,1,0,1
A01284337,1,1,1,1,0,1
A01721495,1,1,1,1,1,1
A01284587,1,1,1,1,0,1
A01562699,1,1,1,0,0,1
A01280912,1,1,1,1,0,1
A01281471,1,1,1,1,0,1
A01197900,1,0,1,1,0,1
A01026093,1,1,1,1,0,1
A00824154,0,1,1,1,0,1
A01747040,1,1,1,1,0,1
A00571944,1,1,1,1,0,1
A01284648,1,1,1,1,0,1
A01177905,1,1,1,1,0,1
A01571031,1,1,1,1,0,1
A01284611,1,1,1,1,0,1
A01703554,1,0,1,1,1,1
A01282438,1,0,1,0,0,1
A01282165,1,1,1,1,0,1
A01611747,1,1,1,1,0,0
A01284604,1,1,1,1,0,1
A01194750,1,1,1,1,0,1
A01611996,1,1,1,1,0,1
A01721632,1,1,1,1,0,0
A01026457,1,1,1,1,0,1
A01566656,1,1,1,1,0,1
A01198074,1,1,1,1,0,1
A01177814,1,1,1,1,0,1
A01177980,1,1,1,1,0,1
A01177304,1,1,1,1,0,1
A01275859,1,1,1,1,0,1
A01197416,1,1,1,1,1,1
A01704210,1,1,1,1,0,1
A01177846,1,1,1,1,0,0
A00832417,1,1,1,1,0,1
A01174195,1,1,1,1,0,1
A01284049,1,1,1,1,0,1
A01383421,1,1,1,1,0,1
A01368575,1,1,1,1,0,1
A01747224,1,1,1,1,0,1
A01284649,1,1,1,1,0,1
A01702872,1,1,1,1,0,1
A01025100,1,1,1,1,0,1
A01177177,1,1,1,1,0,1
A01284471,1,1,1,1,0,1
A01173917,1,1,1,1,0,1
A01284887,1,1,1,1,0,1
A01177819,1,1,1,1,0,1
A01552356,1,1,1,1,0,1
A01570890,1,1,1,1,1,1
A01174155,1,1,1,1,0,1
A01368647,1,1,1,1,0,0
A01732580,1,1,1,1,0,1
A01367496,1,1,1,1,0,1
A01721127,1,1,1,1,0,1
A01368013,1,1,1,1,0,1
A01174004,1,1,1,1,0,1
A01173907,1,1,1,1,0,1
A01721454,1,0,1,1,0,1
A00572266,1,1,1,1,0,1
A01571161,1,0,1,0,0,1
A01235512,1,1,1,1,0,1
A01284725,1,1,1,1,0,1
A01721885,1,1,1,1,0,1
A01383203,1,1,1,1,0,1
A00826138,1,0,1,0,0,1
A01177682,1,1,1,1,0,1
A01411868,1,1,1,1,0,1
A01740787,1,1,1,1,0,1
A01026192,1,1,1,1,1,1
A01383328,1,1,1,1,0,1
A01571045,1,1,1,1,0,1
A01284952,1,1,1,1,0,1
A01177730,1,1,1,1,0,1
A01620692,1,1,1,1,0,1
A01383311,1,1,1,1,0,1
A01721783,1,1,1,1,0,1
A00832702,1,1,1,1,0,1
A01177830,1,0,1,1,0,1
A01198093,1,1,1,1,0,1
A01722044,1,1,1,1,0,1
A01177917,1,1,1,1,0,1
A01722056,1,1,1,1,0,1
A01067369,1,1,1,1,0,1
A01177812,1,1,1,1,0,1
A01177886,1,1,1,1,1,1
A01423673,1,1,1,1,0,1
A01198195,1,1,1,1,0,1
A01383497,1,1,1,1,0,1
A01285053,1,1,1,1,0,1
A01568847,1,1,1,1,0,1
A00832995,1,1,1,1,0,1
A01571135,1,1,1,1,0,1
A01571149,1,1,1,1,0,1
A01721795,1,1,1,1,0,0
A01177939,1,1,1,1,0,1
A01177950,1,1,1,1,0,1
A01571033,1,1,1,1,0,1
A01284617,1,1,1,1,0,1
A01721897,1,1,1,1,0,1
A01275763,1,1,1,1,0,1
A01721799,1,1,1,1,0,1
A01245744,1,1,1,1,0,1
A01177725,1,1,1,1,0,1
A01721998,1,1,1,0,0,1
A01246424,1,1,1,1,0,1
A01733093,1,1,1,1,0,1
A01285118,1,1,1,1,0,1
A01368573,1,1,1,1,0,0
A01177976,0,1,1,0,0,1
A00572187,1,1,1,1,0,1
A01722137,1,1,1,1,0,1
A00828874,1,1,1,1,0,1
A01285093,1,1,1,1,0,1
A01198254,1,1,1,1,0,0
A01198036,1,1,1,1,0,0
A01198078,1,1,1,1,0,1
A01285113,1,1,1,1,0,1
A01285125,1,1,1,1,0,0
A01721724,1,1,1,1,0,1
A01174086,1,1,1,1,0,1
A01245636,1,1,1,0,0,1
A01245640,1,1,1,1,0,1
A01275920,1,1,1,1,0,1
A01285105,1,1,1,1,0,1
A01748695,1,1,1,1,0,1
A01177741,1,1,1,1,0,1
A01721838,1,1,1,1,0,1
A00834516,1,1,1,1,0,1
A00833613,1,1,1,1,0,1
A00833895,0,1,1,1,0,1
A01284763,1,1,1,1,0,1
A01284957,1,1,1,1,0,1
A01721810,1,1,1,1,0,1
A01067378,1,1,1,1,0,1
A01198290,1,1,1,1,0,1
A01571022,1,1,1,1,1,1
A01747542,1,1,1,1,0,1
A01721775,1,1,1,1,0,1
A01571037,1,1,1,1,0,1
A00227821,1,1,1,1,0,1
A01721847,1,1,1,1,0,1
A01177848,1,1,1,1,0,1
A01177775,1,1,1,1,0,1
A01721733,1,1,1,1,0,0
A01284771,1,1,1,1,0,1
A01369383,1,1,1,0,0,1
A01655295,1,0,1,1,0,1
A01198042,1,1,1,1,0,1
A01198044,1,1,1,1,0,1
A01197946,1,1,1,1,0,1
A01067419,1,1,1,1,0,1
A01284782,1,0,1,0,0,1
A01740833,1,1,1,1,0,1
A01721989,1,1,1,1,0,1
A01177933,1,1,1,1,0,1
A01571188,1,1,1,1,0,1
A01552372,1,1,1,1,0,1
A01026826,1,1,1,1,0,1
A01275665,1,1,1,1,0,1
A01198124,1,1,1,1,0,1
A01234461,1,1,1,1,0,1
A01369018,1,1,1,1,0,0
A01411953,1,1,1,1,0,1
A01722106,1,1,1,1,0,1
A01540893,1,1,1,1,0,1
A00835332,1,0,1,1,0,1
A01198262,1,1,1,1,0,1
A01285133,1,1,1,1,0,1
A01748462,1,1,1,1,0,1
A01613546,1,1,1,1,0,1
A01754361,1,1,1,1,0,1
A01571240,1,1,1,1,0,1
A01740974,1,1,1,0,0,1
A01662470,1,1,1,1,0,0
A00832676,1,1,1,1,0,1
A00828941,0,0,1,1,1,1
A00833363,1,1,1,1,0,1
A01705258,1,1,1,1,0,1
A01285308,1,1,1,1,0,1
A01571118,1,1,1,0,0,1
A01252531,1,1,1,1,0,1
A01747544,1,1,1,1,0,1
A01423595,1,1,1,1,0,1
A01177759,1,1,1,1,0,1
A01275655,1,1,1,1,0,0
A01411914,1,0,1,1,0,1
A07106565,1,1,1,1,0,1
A00829736,1,1,1,1,0,1
A00832822,1,0,1,1,0,1
A00830252,1,1,1,1,0,1
A00830589,1,1,1,1,0,1
A00832051,1,1,1,1,0,1
A00834796,1,1,1,1,0,1
A00833842,1,1,1,1,0,1
A01285506,1,1,1,1,0,1
A00834273,1,1,1,1,0,1
A01742161,1,1,1,1,0,1
A00832731,1,1,1,1,0,1
A00835421,1,1,1,1,0,1
A01253189,1,1,1,1,0,1
A00826864,1,1,1,1,0,0
A00829295,1,1,1,1,0,1
A00834396,1,1,1,1,0,1
A00829874,1,0,1,1,0,1
A00830762,0,1,1,0,0,1
A00831553,1,1,1,1,0,1
A00830313,1,0,1,1,0,1
A00829868,1,1,1,1,0,1
A00829935,0,1,1,1,0,0
A01571458,1,1,1,1,0,1
A00829191,1,1,1,0,0,1
A01412422,1,1,1,0,0,1
A00829679,1,1,1,1,0,1
A00830322,1,1,1,1,0,1
A00833471,1,1,1,1,0,1
A01562302,0,1,1,1,0,1
A00834745,1,1,1,1,0,1
A00833222,1,1,1,1,0,1
A00832790,1,1,1,1,0,1
A00830948,1,1,1,1,0,1
A01562387,1,1,1,1,0,1
A01562324,1,1,1,1,0,1
A00832482,1,1,1,1,0,1
A00832584,1,1,1,1,0,1
A01661114,1,1,1,1,0,1
A00832898,1,1,1,1,0,1
A00833056,1,1,1,1,0,1
A01246690,1,1,1,1,0,1
A00831873,1,1,1,1,0,1
A00832847,1,1,1,1,0,1
A00832742,1,1,1,1,0,1
A00832646,1,1,1,1,0,1
A00833748,1,1,1,1,0,1
A00831588,1,1,1,1,0,1
A00830681,1,1,1,1,0,0
A00832015,1,1,1,1,0,1
A00832949,1,0,1,1,0,1
A00832745,1,1,1,1,0,1
A00832092,1,1,1,1,0,1
A00833753,1,1,1,1,0,1
A00830641,1,1,1,1,0,1
A00833833,1,1,1,1,0,1
A00832715,1,1,1,1,0,1
A01742169,1,1,1,1,0,1
A00831829,1,1,1,1,0,1
A00831854,1,1,1,1,0,1
A01659241,1,1,1,1,0,1
A00832879,1,1,1,1,0,1
A00833356,1,1,1,1,0,1
A00573374,1,1,1,1,0,1
A01781925,1,1,1,1,0,1
A00832699,1,1,1,1,0,1
A00832290,1,1,1,1,0,1
A00831604,1,1,1,1,0,1
A01735969,1,1,1,1,0,1
A00832912,1,1,1,1,0,1
A01659795,1,1,1,1,0,1
A01735825,1,1,1,1,0,1
A00832240,1,1,1,1,1,1
A00832689,1,1,1,1,0,1
A01253712,1,1,1,1,0,1
A00833105,1,1,1,1,0,1
A00833136,1,1,1,1,0,1
A00833336,1,0,1,1,0,1
A00833485,1,1,1,1,0,1
A01236049,1,1,1,1,0,1
A01384293,1,1,1,1,0,1
A00832321,1,1,1,1,0,1
A00832210,1,1,1,1,0,1
A00832895,1,1,1,1,0,1
A00833978,1,1,1,1,0,1
A00832692,1,1,1,1,0,0
A01782798,1,1,1,1,0,0
A00833200,1,1,1,1,0,1
A00833117,1,1,1,1,0,1
A00834968,1,1,1,1,0,0
A01708842,1,1,1,1,0,1
A01742257,1,1,1,1,0,1
A01254123,1,1,1,1,0,1
A01236320,1,1,1,1,0,1
A00833905,1,1,1,0,0,1
A00831893,1,1,1,1,0,1
A00834845,1,0,1,1,0,1
A00832666,1,1,1,1,0,1
A01708318,1,1,1,1,0,1
A00832958,1,1,1,1,0,0
A00834747,1,1,1,1,0,1
A00833489,1,1,1,1,0,1
A01236258,1,1,1,1,0,1
A01254171,1,1,1,1,0,1
A00833169,1,0,1,1,0,1
A00833343,1,1,1,1,0,1
A01742102,1,1,1,1,0,1
A01640281,1,1,1,1,0,1
A00833436,1,0,1,0,0,1
A00833477,1,1,1,1,0,1
A01254050,1,1,1,1,0,1
A01236302,1,1,1,1,0,1
A00832612,1,1,1,1,0,1
A00833520,1,0,1,1,0,1
A01236257,1,1,1,1,0,1
A00833270,1,1,1,1,0,1
A00832713,1,1,1,1,0,1
A00832875,1,0,1,1,0,1
A01661101,1,1,1,1,0,0
A00833097,1,1,1,1,0,1
A01412640,1,1,1,1,0,1
A00833430,1,1,1,1,0,1
A00833313,1,0,1,1,0,1
A00833114,1,1,1,1,0,1
A00833690,1,1,1,1,0,1
A01641050,1,1,1,1,0,1
A00834016,1,1,1,1,0,1
A00833323,1,1,1,1,0,0
A00833455,1,1,1,1,0,1
A00833573,1,1,1,1,0,1
A01641059,1,1,1,1,0,0
A00833278,1,1,1,1,0,1
A00833177,1,1,1,1,0,1
A00833858,1,1,1,1,0,1
A00833195,1,1,1,1,0,1
A01562509,1,1,1,1,0,1
A00833434,1,1,1,1,0,1
A00834530,1,1,1,1,0,1
A01236245,1,1,1,1,0,1
A01277172,1,1,1,1,0,1
A01384484,1,1,1,1,0,1
A00831804,1,1,1,1,0,1
A01236354,1,1,1,1,0,1
A00833938,1,1,1,1,0,1
A01254040,1,1,1,1,0,1
A00833428,1,1,1,1,0,1
A01754282,1,1,1,1,0,1
A00834092,1,1,1,1,0,1
A00834413,1,1,1,1,0,1
A00834200,1,1,1,1,0,1
A00833849,1,1,1,1,0,1
A00834428,1,1,1,1,0,1
A01236358,1,1,1,1,0,1
A01709500,0,1,1,1,0,1
A00227827,1,1,1,1,0,1
A00227838,1,1,1,1,0,1
A00834131,1,1,1,1,0,1
A00834333,1,1,1,1,0,1
A00834975,1,1,1,1,0,1
A00573519,1,1,1,1,0,1
A01742374,1,1,1,1,0,1
A00834437,1,1,1,1,0,1
A00573717,1,1,1,1,0,1
A00835281,1,1,1,1,0,1
A00833995,0,1,1,1,0,1
A00832805,1,1,1,1,0,1
A00833108,1,1,1,1,0,1
A00835424,1,1,1,1,0,1
A01562791,1,1,1,1,0,1
A00834816,1,1,1,1,0,1
A01412657,1,1,1,1,0,1
A00834314,1,1,1,1,0,0
A00834430,1,1,1,1,0,1
A00834442,1,1,1,1,0,1
A00835107,1,1,1,1,0,1
A00835258,1,1,1,1,0,1
A00834329,1,1,1,1,0,0
A00835190,1,1,1,1,0,1
A00835084,1,1,1,1,0,1
A01174881,1,1,1,1,0,0
A00834363,1,1,1,1,0,1
A01541822,1,1,1,1,0,1
A01384769,1,1,1,1,0,1
A01277320,1,1,1,1,0,0
A01742394,1,1,1,1,0,1
A00833922,1,1,1,1,0,1
A00834589,1,1,1,1,0,1
A00834769,1,1,1,1,0,1
A00833172,1,1,1,1,0,1
A01613417,1,1,1,1,0,1
A00835230,1,1,1,1,0,1
A00835433,1,1,1,1,0,1
A00834287,1,1,1,1,0,0
A00834868,1,1,1,1,0,1
A00835231,0,1,1,1,0,1
A00835237,0,1,1,1,0,1
A00835376,1,1,1,1,0,1
A00835175,1,1,1,1,0,1
A00835443,1,1,1,1,0,0
A00833953,1,1,1,1,0,1
A00834121,1,1,1,1,0,1
A01174898,1,1,1,1,0,1
A01254273,1,1,1,1,0,0
A00835194,1,1,1,1,0,1
A00834042,1,1,1,1,0,1
A00834551,1,1,1,1,0,0
A01334318,1,1,1,1,0,1
A01655136,1,1,1,1,0,1
A01634807,1,1,1,1,0,1
A01798103,1,1,1,1,0,0
A00227101,1,1,1,1,0,1
A01634085,1,1,1,1,0,1
A00227173,1,1,1,1,0,1
A01654205,1,1,1,1,0,1
A01655595,1,1,1,1,0,1
A01741027,1,1,1,1,0,1
A01654087,1,1,1,1,0,1
A01654660,1,1,1,1,0,1
A01746219,1,1,1,1,0,1
A01655236,1,1,1,1,0,1
A00344622,1,1,1,1,0,1
A01654831,1,1,1,1,0,1
A01634209,1,1,1,1,0,1
A01747110,1,1,1,1,0,0
A01634975,1,1,1,1,0,1
A01746250,1,1,1,1,0,1
A01651497,1,1,1,1,0,1
A07094529,1,1,1,1,0,1
A01650708,1,1,1,1,0,1
A01701217,1,1,1,0,0,1
A01026999,0,1,1,1,0,1
A01742429,1,1,1,1,0,1
A01377857,1,1,1,1,0,1
A01653395,1,1,1,1,0,1
A01379491,1,1,1,1,0,1
A00344762,1,1,1,1,0,1
A01750782,1,1,1,1,0,1
A01378997,1,1,1,1,0,1
A01025006,1,1,1,1,0,1
A01653973,1,1,1,1,1,1
A01653773,1,1,1,1,0,1
A01633576,1,1,1,1,0,1
A01379611,1,1,1,1,0,1
A01633794,1,1,1,1,0,1
A01745130,1,1,1,1,1,1
A01254062,1,1,1,1,0,1
A01639733,1,1,1,1,0,1
A01367189,1,1,1,1,1,1
A01745615,1,1,1,1,0,1
A01745197,1,1,1,1,0,1
A01025337,1,1,1,1,0,1
A01635124,1,1,1,1,0,1
A01656374,1,1,1,1,0,1
A01026640,1,1,1,1,0,1
A01067532,1,1,1,1,0,1
A01635290,1,0,1,1,0,1
A01655432,1,1,1,1,0,1
A01026107,1,1,1,1,0,0
A01026106,1,1,1,1,0,1
A01026427,1,1,1,1,0,0
A01026113,1,1,1,1,0,1
A01026278,1,1,1,1,0,1
A01026110,1,1,1,1,0,1
A01746619,1,1,1,1,0,1
A01026203,1,1,1,1,0,1
A01656015,1,1,1,1,0,1
A01635393,1,1,1,1,0,1
A01655825,1,1,1,1,0,1
A00344777,1,1,1,1,0,0
A01026173,1,1,1,1,0,1
A01746819,1,1,1,1,0,1
A01635390,1,1,1,1,0,1
A01026364,1,1,1,1,0,1
A01747013,1,1,1,1,0,1
A01747114,1,1,1,1,0,1
A01798164,1,1,1,1,0,1
A01747613,1,1,1,1,0,1
A01656317,1,1,1,1,0,1
A01368699,1,1,1,1,0,0
A01635520,1,1,1,1,0,1
A01252377,1,1,1,1,0,1
A01568713,1,1,1,1,0,0
A01247232,1,1,1,1,0,1
A01026309,1,1,1,1,0,0
A01747027,1,1,1,1,0,1
A01026327,1,1,1,1,0,1
A01026324,1,1,1,0,0,1
A01748292,1,1,1,1,0,1
A01635783,0,1,1,1,0,1
A01067375,1,1,1,1,0,1
A00227270,1,1,1,1,0,1
A01740801,1,1,1,1,0,1
A01569138,1,1,1,1,0,1
A01747199,1,1,1,1,0,1
A01368541,1,1,1,1,0,1
A01252601,1,1,1,1,0,0
A01747150,1,1,1,1,0,1
A01747146,1,1,1,1,0,1
A01635475,1,1,1,1,0,1
A01026447,1,1,1,1,0,1
A01747153,1,1,1,1,0,1
A01026486,1,1,1,1,0,1
A00227254,1,1,1,1,0,1
A01747213,1,1,1,1,0,0
A01747208,1,1,1,1,0,1
A01635487,1,1,1,1,0,1
A01635777,1,1,1,1,0,1
A01747167,1,1,1,1,0,1
A01747178,1,1,1,1,1,1
A01747202,1,1,1,1,0,0
A01635802,1,1,1,1,0,1
A00227286,1,1,1,1,0,1
A01747562,1,1,1,1,0,1
A01747336,1,1,1,1,0,1
A01747429,1,1,1,1,0,1
A01747363,1,1,1,1,0,1
A01747333,1,1,1,1,0,1
A01747385,1,1,1,1,0,0
A01747789,1,1,1,1,0,1
A01747444,1,1,1,1,0,1
A01747394,1,1,1,1,0,1
A01747432,0,1,1,1,0,1
A01747478,1,1,1,1,0,1
A01747443,1,1,1,1,0,1
A01747364,1,1,1,1,0,0
A01747425,1,1,1,0,0,1
A01423688,1,1,1,1,0,1
A01635691,1,1,1,1,0,1
A01747836,1,1,1,1,0,1
A01747375,1,1,1,1,0,1
A01635694,1,1,1,1,0,1
A01747446,1,1,1,1,0,1
A01423608,1,1,1,1,0,1
A01747641,1,1,1,1,0,1
A01747794,1,1,1,1,0,1
A01635689,1,1,1,1,0,1
A01747539,1,1,1,1,0,1
A01747461,1,1,1,1,0,1
A01275572,1,1,1,1,0,1
A01754370,1,1,1,1,0,1
A01635129,1,1,1,1,0,1
A01655426,1,1,1,1,0,1
A01746802,1,1,1,1,0,1
A01026509,1,1,1,1,0,1
A01747603,1,1,1,1,0,1
A01754463,1,1,1,1,0,1
A01746794,1,1,1,1,0,1
A01026835,1,1,1,0,0,1
A01275746,1,1,1,1,0,0
A01656706,1,1,1,1,1,0
A01642041,1,1,1,1,0,1
A01641325,1,1,1,1,0,1
A01636011,1,1,1,1,0,1
A01748723,1,1,1,1,0,1
A01026653,1,1,1,1,0,1
A01540851,1,1,1,1,0,1
A01635773,1,1,1,1,0,0
A01246372,1,1,1,1,0,1
A01656376,1,1,1,1,0,1
A01742214,1,1,1,1,0,1
A01636682,1,1,1,1,0,1
A01747541,1,1,1,1,0,1
A01747861,1,1,1,1,0,1
A01423659,1,0,1,1,0,1
A01747883,1,1,1,1,0,1
A01748531,1,1,1,1,0,1
A01747860,1,1,1,1,0,1
A01368820,1,1,1,1,0,1
A01747809,1,1,1,1,0,1
A01748205,1,1,1,1,0,1
A01748431,1,1,1,1,1,1
A01748039,1,1,1,1,0,1
A01656288,1,1,1,1,0,1
A01748001,1,1,1,1,0,1
A01748023,1,1,1,1,0,1
A01636024,1,1,1,1,0,1
A01656074,1,1,1,1,0,1
A01747907,1,1,1,1,0,1
A01747934,1,1,1,1,0,1
A01747944,1,1,1,1,0,1
A01026606,1,1,1,1,0,0
A01656183,1,1,1,1,0,1
A01747978,1,1,1,1,0,1
A01747986,1,1,1,1,0,1
A01747989,1,1,1,1,0,1
A01740876,1,1,1,1,0,1
A01748109,1,1,1,1,0,1
A01026893,1,1,1,1,0,1
A01748888,1,1,1,1,0,1
A01656286,1,1,1,1,0,1
A01656324,1,1,1,1,0,1
A01748117,1,1,1,1,0,1
A01748203,1,1,1,1,0,1
A01657217,1,1,1,1,0,1
A01748082,1,1,1,1,0,1
A01748095,1,1,1,1,0,1
A01657094,1,1,1,1,0,1
A01656361,1,1,1,0,0,1
A01235670,1,1,1,1,0,1
A01748120,1,1,1,1,0,1
A01656384,1,1,1,1,0,1
A01027052,1,1,1,1,0,0
A01748234,1,1,1,1,0,1
A01027026,1,1,1,1,0,1
A01748213,1,1,1,1,0,1
A01656364,1,1,1,1,0,1
A01027296,1,1,1,1,0,1
A01656453,1,1,1,1,0,1
A01661089,1,1,1,1,0,1
A01656642,1,1,1,1,1,1
A01657095,1,1,1,1,0,1
A01748222,1,1,1,1,0,1
A01748441,1,1,1,1,0,1
A01704969,1,1,1,1,0,1
A01369077,1,1,1,1,0,1
A01705191,0,1,1,1,1,1
A01027067,1,1,1,1,0,1
A01748259,1,1,1,1,0,1
A01656458,1,1,1,1,0,1
A01748283,1,1,1,1,0,0
A01749041,1,1,1,1,0,1
A01748246,1,1,1,1,0,1
A01352082,1,1,1,1,0,1
A01657175,1,1,1,1,0,1
A01748670,1,1,1,1,0,1
A01656604,1,1,1,1,0,1
A01198247,1,1,1,1,0,1
A01748278,1,1,1,1,0,1
A01748270,1,1,1,1,0,0
A01656620,1,1,1,1,0,1
A01636686,1,1,1,1,0,1
A01656603,1,1,1,1,0,1
A01748467,1,1,1,1,0,0
A01748852,1,1,1,1,0,1
A01748551,1,1,1,1,0,1
A01656824,1,1,1,1,0,1
A01369244,1,1,1,1,0,1
A01781339,1,1,1,1,0,1
A01656993,1,1,1,1,0,1
A01636980,1,1,1,1,0,1
A00827123,1,1,1,1,0,1
A01641184,1,1,1,1,0,1
A01642398,1,1,1,1,0,1
A01657143,1,1,1,1,0,1
A01748833,1,1,1,1,0,1
A01748835,1,1,1,1,0,1
A01748800,1,1,1,1,0,1
A01640688,1,1,1,1,0,1
A01748805,0,1,1,1,0,0
A01253721,1,1,1,1,0,1
A01028182,1,1,1,1,0,1
A01027450,1,0,1,1,0,1
A01252831,0,1,1,1,0,1
A01642240,1,1,1,1,0,1
A01750253,1,1,1,1,0,1
A01638146,1,1,1,1,1,1
A01638730,1,1,1,1,0,1
A01253309,1,1,1,1,0,1
A01638771,1,1,1,1,0,1
A01659793,1,0,1,1,0,1
A01657629,1,1,1,1,0,1
A01029941,1,1,1,0,0,1
A01028592,1,0,1,1,0,1
A01752168,1,1,1,1,0,1
A01750414,1,1,1,1,0,1
A01750599,1,1,1,1,0,1
A01029133,0,1,1,1,0,1
A01752657,1,1,1,1,1,1
A01706707,1,1,1,1,0,1
A00831033,1,1,1,1,0,1
A01753180,1,1,1,1,0,1
A01781238,1,1,1,1,0,1
A01640314,1,1,1,1,0,1
A01562352,1,1,1,1,0,1
A01751575,1,1,1,1,0,1
A01662155,1,1,1,1,0,1
A01659202,1,1,1,1,0,1
A01660162,1,1,1,1,0,1
A01781318,1,1,1,1,0,1
A01639033,1,1,1,1,0,1
A01639824,1,1,1,1,0,1
A01781708,1,1,1,1,0,1
A01753502,1,1,1,1,0,1
A01782006,1,1,1,1,0,1
A01753834,1,1,1,1,0,1
A01639632,1,1,1,1,0,1
A01752663,1,1,1,1,0,1
A01753132,1,1,1,1,0,1
A01640436,1,1,1,1,0,1
A01781935,1,1,1,1,0,1
A01781692,1,0,1,1,0,1
A01752194,1,1,1,1,0,1
A01640863,1,1,1,1,0,1
A01640900,1,1,1,1,0,1
A01753836,1,1,1,1,1,0
A01660897,1,1,1,1,0,1
A01640824,1,1,1,1,0,1
A01641182,1,1,1,1,0,1
A01641044,1,1,1,1,0,1
A01782386,1,1,1,1,0,1
A01254035,1,1,1,1,0,1
A01781897,1,1,1,1,0,1
A01753922,1,1,1,1,0,1
A01753924,1,1,1,1,0,1
A01782435,1,1,1,1,0,1
A01660331,1,1,1,1,0,1
A01659764,1,1,1,1,0,1
A01639902,1,1,1,1,0,1
A01781982,1,1,1,1,0,1
A01661649,1,1,1,1,0,1
A01661175,1,1,1,1,0,1
A01753828,1,1,1,1,0,1
A01753878,1,1,1,1,0,1
A01661420,1,1,1,1,0,1
A01641461,1,1,1,1,0,1
A01424572,1,1,1,1,0,1
A01781072,1,1,1,1,0,1
A01641334,1,1,1,1,0,0
A01782866,1,1,1,1,0,1
A01661459,1,1,1,1,0,1
A01753955,1,1,1,1,0,1
A01752810,1,1,1,0,0,1
A01781545,1,1,1,1,0,1
A01782691,1,1,1,1,0,1
A01661466,1,1,1,1,0,1
A01662162,1,1,1,1,0,1
A01661492,1,1,1,1,0,1
A01660937,1,1,1,1,0,1
A01660506,1,1,1,1,0,1
A01640753,1,1,1,1,0,1
A01661728,1,1,1,1,0,1
A01661185,1,1,1,1,0,1
A01781685,1,1,1,1,0,1
A01641335,1,1,1,1,0,1
A01640871,1,1,1,1,0,1
A01640860,1,1,1,1,0,1
A01661452,1,1,1,1,0,1
A01782123,1,1,1,1,0,1
A01781995,1,1,1,1,0,1
A01641035,1,1,1,1,0,1
A01641562,1,1,1,1,0,1
A01661097,1,1,1,1,0,1
A01754731,1,1,1,1,0,1
A01642303,1,1,1,1,0,1
A01641958,1,1,1,1,0,1
A01754656,1,1,1,1,0,1
A01771112,1,1,1,1,0,1
A01782813,1,1,1,1,0,1
A01642010,1,1,1,1,0,1
A01641782,1,1,1,1,0,1
A01641777,1,1,1,1,0,1
A01642077,1,1,1,1,0,1
A01641922,1,1,1,1,0,1
A01640874,1,1,1,1,0,1
A01753925,1,1,1,1,0,1
A01753357,1,1,1,1,0,1
A01641103,1,1,1,1,0,1
A01783170,1,1,1,0,0,1
A01783243,1,1,1,1,0,1
A01798000,1,1,1,1,0,1
A01783203,1,1,1,1,0,1
A01641570,1,1,1,1,0,1
A01662620,1,1,1,1,0,1
A01782005,1,1,1,1,0,1
A01661441,1,1,1,1,0,1
A01742392,1,1,1,1,0,1
A01661430,1,1,1,1,0,1
A01661703,1,1,1,1,0,1
A01254071,1,1,1,0,0,1
A01660987,1,1,1,1,0,1
A01641459,1,1,1,1,0,0
A01782916,1,1,1,1,0,0
A01662496,1,1,1,1,0,1
A01782982,1,1,1,1,0,1
A01753863,1,1,1,1,0,1
A01424839,1,1,1,1,0,1
A01782021,1,1,1,1,0,1
A01661176,1,1,1,1,0,1
A01742456,0,1,1,1,0,1
A01254325,1,1,1,1,0,1
A01641549,1,1,1,1,0,1
A01640817,1,1,1,1,0,1
A01782850,1,1,1,1,0,0
A00833224,1,1,1,1,0,1
A01782248,1,1,1,1,0,1
A01754416,1,1,1,1,0,1
A01641337,1,1,1,1,0,1
A01782132,0,1,1,1,0,1
A01661423,1,1,1,1,0,1
A01754866,1,1,1,1,0,1
A01783376,1,1,1,1,0,1
A01625549,1,1,1,1,0,0
A01662478,1,1,1,1,0,1
A01782469,1,1,1,1,0,1
A01662657,1,1,1,1,0,1
A01641762,1,1,1,1,0,1
A01783086,1,1,1,1,0,1
A01662164,1,1,1,1,0,1
A01783267,1,1,1,1,0,1
A01662165,1,1,1,1,0,1
A01641610,1,1,1,1,0,1
A01661408,1,1,1,1,0,1
A01254154,1,1,1,1,0,1
A01541806,1,1,1,1,0,1
A01662632,1,1,1,1,0,1
A01754893,1,1,1,1,0,1
A01641702,1,1,1,1,0,1
A01754415,1,1,1,1,0,1
A01642006,1,1,1,1,0,1
A01754858,1,1,1,1,0,1
A01783237,1,1,1,1,0,1
A01641707,1,1,1,1,0,1
A01662290,1,1,1,1,0,1
A01742342,1,1,1,1,0,1
A01641608,1,1,1,1,0,1
A01641993,1,1,1,1,0,1
A01754291,1,1,1,1,0,1
A01661893,1,1,1,1,0,1
A01662482,1,1,1,1,0,1
A01641690,1,1,1,1,0,1
A01641748,1,1,1,1,0,1
A01754890,1,1,1,1,0,1
A01782987,1,1,1,1,0,1
A01783273,1,1,1,1,0,1
A01798028,1,1,1,1,0,1
A01783377,1,1,1,1,0,1
A01661590,1,1,1,1,0,1
A01662768,1,1,1,1,0,1
A01798012,1,1,1,1,0,1
A01662798,1,1,1,1,0,1
A01661967,1,1,1,1,0,1
A01662197,1,1,1,1,0,1
A01754478,1,1,1,1,0,1
A01662443,1,1,1,1,0,1
A01798090,1,1,1,1,0,1
A01783378,1,1,1,1,0,1
A01642173,1,1,1,1,0,1
A01662557,1,1,1,1,0,1
A01783296,1,1,1,1,0,0
A01662537,1,1,1,1,0,1
A01798118,1,1,1,1,0,1
A01783375,1,1,1,1,0,1
A01662511,1,1,1,1,0,1
A01641648,1,1,1,1,0,1
A01642330,1,1,1,1,0,1
A01662809,0,1,1,1,1,1
A01635517,1,1,1,1,0,1
A00232282,1,1,1,1,0,1
A01275752,1,1,1,1,0,1
A01740781,0,1,1,1,1,1
A01633816,1,1,1,1,0,1
A01654050,1,1,1,1,0,1
A01067187,1,1,1,1,0,1
A01568322,0,0,1,1,0,1
A01422953,1,1,1,1,0,1
A01367061,1,1,1,1,0,1
A01620544,1,1,1,1,0,1
A01025123,1,1,1,1,0,1
A01653974,1,1,1,1,0,1
A01781729,1,1,1,1,0,1
A01634136,1,1,1,1,0,1
A01781236,1,1,1,1,0,1
A01351808,1,1,1,1,0,1
A01634190,1,1,1,1,0,1
A01745373,1,1,1,1,0,1
A01654207,1,1,1,1,0,1
A01655367,1,1,1,1,0,1
A01025102,1,1,1,1,0,1
A01423403,1,1,1,1,0,1
A01745674,1,1,1,1,0,1
A01173874,1,1,1,1,0,1
A01745642,1,1,1,1,1,1
A01654621,1,1,1,1,0,1
A01654435,1,1,1,1,0,0
A01636844,1,1,1,1,0,1
A01745838,1,1,1,1,1,1
A01275214,1,1,1,1,1,1
A01746262,1,1,1,1,1,1
A01746058,0,1,1,1,0,1
A01746061,1,1,1,1,0,1
A01740869,1,1,1,1,0,1
A01654922,1,1,1,1,0,1
A01745556,1,1,1,1,0,1
A01655347,1,1,1,1,0,1
A01284535,1,1,1,1,0,1
A01655171,1,1,1,0,0,1
A01026230,1,1,1,1,0,1
A01233865,1,1,1,1,0,1
A01746234,1,1,1,0,0,1
A01746323,1,0,1,1,0,1
A01655568,1,1,1,1,0,1
A01026221,1,1,1,1,0,1
A01026262,1,1,1,0,0,0
A01026137,1,1,1,1,0,1
A01655796,1,1,1,1,0,1
A01746990,1,1,1,1,0,1
A01026217,1,1,1,1,0,1
A01746608,1,1,1,1,0,1
A01026198,1,1,1,1,0,1
A01655343,1,1,1,1,0,1
A00344778,1,1,1,1,0,1
A01366004,1,1,1,1,0,1
A01740637,1,1,1,1,0,1
A01366010,1,1,1,1,0,1
A01365877,1,1,1,1,0,1
A01782489,1,1,1,1,0,1
A01026222,1,1,1,1,0,1
A01655843,1,1,1,1,0,1
A01366234,1,1,1,1,0,1
A01652120,1,1,1,1,0,1
A01378380,1,1,1,1,0,1
A01378474,1,1,1,1,0,1
A01652439,1,1,1,1,0,1
A01378776,1,1,1,1,0,1
A01652786,1,1,1,1,0,1
A01653855,1,1,1,1,0,1
A01638450,1,1,1,1,0,1
A01024937,0,1,1,1,0,1
A01633707,1,1,1,1,0,1
A01656418,1,1,1,1,0,1
A01656474,1,1,1,1,0,1
A01748047,0,1,1,1,0,1
A01656051,1,1,1,1,0,1
A01747872,1,1,1,1,0,1
A01369170,1,1,1,1,0,1
A01782017,1,1,1,1,0,1
A01636064,1,1,1,1,0,1
A01656056,1,1,1,1,0,1
A01636002,1,1,1,1,0,1
A01026604,1,1,1,1,0,1
A01747886,1,1,1,1,0,1
A01748013,1,1,1,1,0,1
A01636007,1,1,1,1,0,1
A01656065,1,1,1,1,0,1
A01747033,1,1,1,1,0,0
A01747900,1,1,1,1,0,1
A01656068,1,1,1,1,0,1
A01656073,1,1,1,1,0,1
A01654608,1,1,1,1,0,1
A01423687,1,1,1,1,0,1
A01747817,1,1,1,1,0,1
A01026830,1,1,1,1,0,1
A01747918,1,1,1,0,0,1
A01747022,1,1,1,1,0,0
A01656343,1,1,1,1,0,1
A01635983,1,1,1,1,0,1
A01026360,1,1,1,1,0,0
A01635438,1,1,1,1,0,1
A01655833,1,1,1,1,0,1
A01026339,1,1,1,1,0,1
A01423576,1,1,1,1,0,0
A01655889,1,1,1,1,0,0
A01635381,1,1,1,1,0,0
A01635409,1,1,1,1,0,1
A01620732,1,1,1,1,0,1
A01026354,1,1,1,1,0,1
A01655899,1,1,1,1,0,1
A01747129,1,1,1,1,0,1
A01635515,1,1,1,1,0,1
A01635434,1,1,1,1,0,1
A01748687,1,1,1,1,0,1
A01635453,1,1,1,1,0,1
A01026310,1,1,1,1,0,1
A01252369,1,1,1,1,0,1
A00344747,1,1,1,1,0,0
A01026289,1,1,1,1,0,1
A01635455,1,1,1,1,0,1
A01635514,1,1,1,1,0,1
A01635518,1,1,1,1,0,1
A01747183,1,1,1,1,0,1
A01275819,0,1,1,1,0,0
A00572188,1,1,1,1,0,1
A01636233,1,1,1,1,0,1
A01252540,0,1,1,1,0,1
A01635451,1,1,1,1,0,1
A01732544,1,1,1,1,0,0
A01252446,1,1,1,1,0,1
A01748065,1,1,1,1,0,1
A01635563,1,1,1,1,0,1
A01026432,1,1,1,1,0,1
A00227276,1,1,1,1,0,1
A00227256,1,1,1,1,0,1
A01748005,1,1,1,1,0,1
A01747548,1,1,1,1,0,1
A01747365,1,1,1,1,0,1
A01026440,1,1,1,1,0,0
A01423589,1,1,1,1,0,1
A01026608,1,1,1,1,0,1
A01747378,1,1,1,1,0,1
A01613536,1,1,1,1,0,1
A01747344,1,1,1,1,0,1
A01368650,1,1,1,1,0,1
A01747452,1,1,1,1,0,1
A01636013,1,1,1,1,0,1
A01620741,1,1,1,1,0,0
A01747540,1,1,1,1,0,1
A01368714,0,1,1,1,0,1
A01747598,1,1,1,1,0,1
A01368678,1,1,1,1,0,0
A01747952,1,1,1,0,0,0
A01748206,1,1,1,1,0,1
A01655916,1,1,1,1,0,1
A01026620,1,1,1,1,0,1
A01747857,1,1,1,1,0,1
A01656046,1,1,1,1,0,1
A01748018,1,1,1,1,0,1
A01611849,1,1,1,1,0,1
A01747545,1,1,1,1,0,1
A01635776,1,1,1,1,0,1
A01656043,1,1,1,1,0,0
A01655998,1,1,1,1,0,1
A01026614,1,1,1,1,0,1
A01636930,1,1,1,1,0,0
A01782390,1,1,1,1,0,1
A01656110,1,1,1,1,0,1
A01656240,1,0,1,1,0,1
A01754602,1,1,1,1,0,1
A01656309,1,1,1,1,0,1
A01027231,1,1,1,1,0,1
A01368896,1,1,1,1,0,1
A01656294,1,1,1,1,0,1
A01656481,1,1,1,1,0,1
A01368936,1,1,1,1,0,0
A01026623,1,1,1,1,0,1
A01635768,1,1,1,1,0,1
A01275739,0,1,1,1,0,1
A01656432,1,1,1,1,0,1
A01656176,1,1,1,1,0,1
A01656391,1,1,1,1,0,1
A01027204,1,1,1,1,0,1
A01369032,1,1,1,1,0,1
A01662173,1,1,1,1,0,1
A01656417,1,1,1,1,0,1
A01636528,1,1,1,1,0,1
A01656437,1,1,1,1,0,1
A01748235,1,1,1,1,0,1
A01252734,1,1,1,1,0,1
A01748857,1,1,1,1,0,1
A01656572,1,1,1,1,0,1
A01027062,1,1,1,1,0,1
A01656608,1,1,1,1,0,1
A01748452,1,1,1,1,0,1
A01748214,1,1,1,1,0,1
A01252711,1,1,1,1,0,1
A01275864,1,1,1,1,0,1
A01748809,1,1,1,1,0,0
A01656647,1,1,1,1,0,1
A01656786,1,1,1,1,0,1
A01636570,1,1,1,1,0,1
A01656791,1,1,1,1,0,1
A01656785,1,1,1,1,0,1
A01285158,1,1,1,1,0,1
A01748511,1,1,1,1,0,1
A01423804,1,1,1,1,0,0
A01369202,1,1,1,1,0,1
A01748505,1,1,1,1,0,1
A01657005,1,1,1,1,0,1
A01749055,0,1,1,1,0,1
A01636812,0,1,1,1,0,1
A01656854,1,1,1,1,0,1
A01656996,1,1,1,1,0,1
A01640834,1,1,1,1,0,1
A01656956,1,1,1,1,0,1
A01662418,1,1,1,1,0,1
A01235771,1,1,1,1,0,1
A01656981,1,1,1,1,0,1
A01656986,1,1,1,1,0,1
A01424198,1,1,1,1,0,1
A01770770,1,1,1,1,0,1
A01748506,1,1,1,1,0,1
A01027552,1,1,1,1,0,1
A01771276,1,1,1,1,0,1
A01735873,1,1,1,1,0,1
A01748904,1,1,1,1,0,1
A01636911,1,1,1,1,0,1
A01748871,1,1,1,1,0,1
A01612077,1,1,1,1,0,1
A01656959,1,1,1,1,0,1
A01748894,1,1,1,1,0,1
A01749017,1,1,1,1,0,1
A01733654,1,1,1,1,0,1
A01640540,1,1,1,1,0,0
A01747801,1,1,1,1,0,1
A01028429,1,1,1,1,0,1
A01733062,1,1,1,1,0,1
A01748262,1,1,1,1,0,1
A01742215,1,1,1,1,0,1
A01638784,1,1,1,1,0,1
A01424256,1,1,1,1,0,1
A01658146,1,1,1,1,0,1
A01658228,1,1,1,1,0,1
A00227869,1,1,1,1,0,1
A01028574,1,1,1,1,0,1
A01640658,1,1,1,1,0,1
A01658778,1,1,1,1,0,1
A01658578,1,1,1,1,0,1
A01640470,1,1,1,1,0,1
A01638853,1,1,1,1,0,1
A01706736,1,1,1,1,0,1
A01638628,1,1,1,1,0,1
A01029137,1,1,1,1,0,1
A01657850,1,1,1,1,0,1
A01638746,1,1,1,1,0,1
A01659749,1,1,1,1,0,1
A01751908,1,1,1,1,0,1
A01639212,1,1,1,1,0,1
A01752133,1,1,1,1,1,1
A01661903,1,1,1,1,0,1
A01639766,1,1,1,1,0,1
A01639940,1,1,1,1,0,1
A01706896,1,1,1,1,0,1
A01751689,1,0,1,1,0,1
A01781293,1,1,1,1,0,1
A01641446,1,1,1,1,0,1
A01659854,1,1,1,1,0,1
A01782508,1,1,1,1,0,0
A01782227,1,1,1,1,0,1
A01770617,1,1,1,1,0,1
A01752019,1,1,1,1,0,1
A00832981,1,1,1,1,0,1
A01029985,1,1,1,1,0,1
A01640088,1,1,1,1,0,1
A01660315,1,1,1,1,1,1
A01781653,0,0,1,1,0,1
A01640603,1,1,1,1,0,1
A01781842,1,1,1,1,0,1
A01640158,1,1,1,1,0,1
A01640372,1,1,1,1,0,1
A01781454,0,0,1,1,0,0
A01660926,1,1,1,1,0,1
A01782514,1,1,1,1,0,1
A01770457,1,1,1,1,0,1
A01661899,1,1,1,1,0,1
A01782591,1,1,1,1,0,1
A01641887,1,1,1,1,0,1
A01782000,1,1,1,1,0,1
A01639803,1,1,1,1,0,1
A01771301,1,1,1,1,0,0
A01662043,1,1,1,1,0,1
A01641096,1,0,1,1,0,1
A01770628,1,1,1,1,0,1
A01752051,1,1,1,1,0,1
A01641227,1,1,1,1,0,1
A01660644,1,1,1,1,1,1
A01781683,1,1,1,1,0,1
A01640724,1,1,1,1,0,1
A01782457,1,1,1,1,0,1
A01781076,1,1,1,1,0,1
A01639801,1,1,1,1,0,1
A00832924,1,1,1,1,0,1
A01067964,1,1,1,1,0,1
A01781260,1,1,1,1,0,1
A01254036,1,1,1,1,0,1
A00832568,1,1,1,1,0,1
A01781355,1,1,1,1,0,1
A01782401,1,1,1,1,0,1
A01782119,1,1,1,1,0,1
A01662560,1,1,1,1,0,1
A01753890,1,1,1,1,0,1
A01781465,1,1,1,1,0,0
A01753404,1,1,1,1,0,1
A01754595,1,1,1,1,0,1
A01641141,1,1,1,1,0,1
A01781929,0,1,1,1,0,1
A01641180,1,1,1,1,0,1
A01641501,1,1,1,1,0,1
A01708828,1,1,1,1,0,1
A01661708,1,1,1,1,0,1
A01641527,1,1,1,1,0,1
A01742302,1,1,1,1,0,1
A01640990,1,1,1,1,0,1
A01753717,1,1,1,1,0,1
A01782025,1,1,1,1,0,1
A01641539,1,1,1,1,0,1
A01742255,1,1,1,1,0,1
A01782192,1,1,1,1,0,1
A01661454,1,1,1,1,0,1
A01782239,0,1,1,0,0,1
A01782596,1,1,1,1,0,1
A01662163,1,1,1,1,0,1
A01753498,1,1,1,1,0,1
A01782647,1,1,1,1,0,0
A01782023,1,1,1,1,0,1
A01424765,1,1,1,1,0,1
A01641632,1,1,1,1,0,1
A01661476,1,1,1,1,0,1
A01754924,1,1,1,1,0,0
A01562837,1,1,1,1,0,1
A01783323,1,1,1,1,0,1
A01662077,1,1,1,1,0,1
A01742193,1,1,1,1,0,1
A01641487,1,1,1,1,0,1
A01783056,1,1,1,1,0,1
A01782873,1,1,1,1,0,1
A01782641,1,1,1,1,0,1
A01641991,1,1,1,1,0,1
A01641571,1,1,1,1,0,1
A01782477,1,1,1,1,0,1
A01277346,1,1,1,1,0,1
A01754357,1,1,1,1,0,1
A01640980,1,1,1,1,0,1
A01641270,1,1,1,1,0,1
A01753903,1,1,1,1,0,1
A01641377,1,1,1,1,0,1
A01770850,1,1,1,1,0,1
A01782755,1,1,1,1,0,0
A01661496,1,1,1,1,0,1
A01641277,1,1,1,1,0,0
A01661422,1,1,1,1,0,1
A01641462,1,1,1,1,0,0
A01641593,1,1,1,1,0,1
A01641157,1,1,1,1,0,1
A01754280,1,1,1,1,0,1
A01661421,1,1,1,1,0,1
A01754276,1,1,1,1,0,1
A01661725,1,1,1,1,0,1
A00573435,1,1,1,1,0,1
A01562597,1,1,1,1,0,1
A01782399,1,1,1,1,0,1
A01424730,1,1,1,1,0,1
A01753725,1,1,1,1,0,1
A01641034,1,1,1,1,0,1
A01661551,1,1,1,1,0,1
A01782410,1,1,1,1,0,1
A01068223,1,1,1,1,0,1
A01754425,1,1,1,1,0,0
A01782885,1,1,1,1,0,1
A01782472,1,1,1,1,0,1
A01782597,1,1,1,1,0,1
A01798024,1,1,1,1,0,1
A01661655,0,1,1,1,0,0
A01782412,1,1,1,1,0,1
A01661461,1,1,1,1,0,1
A01782953,1,1,1,1,0,1
A01783070,1,1,1,1,0,1
A01783149,1,1,1,1,0,1
A01641056,1,1,1,1,0,1
A01783126,1,1,1,1,0,1
A01660984,1,1,1,1,0,1
A01641150,1,1,1,1,0,1
A01754895,1,1,1,1,0,1
A01662498,1,1,1,1,0,1
A01662582,1,1,1,1,0,1
A01641742,0,1,1,1,0,1
A01662080,1,1,1,1,0,1
A01782814,1,1,1,1,0,1
A01662038,1,1,1,1,0,1
A01754800,1,1,1,1,0,1
A01661642,1,1,1,1,0,1
A01641614,1,1,1,1,0,1
A01782701,1,1,1,1,0,1
A00227840,1,1,1,1,0,1
A01754762,1,1,1,1,0,1
A01642341,1,1,1,1,0,1
A01783222,1,1,1,1,0,1
A01783028,1,1,1,1,0,0
A01783038,1,0,1,1,0,1
A01771215,1,1,1,1,0,1
A01662619,1,1,1,1,0,1
A01754807,0,1,1,1,0,0
A01798120,1,1,1,1,0,0
A01641445,1,1,1,1,0,1
A01782819,1,1,1,1,0,1
A01742390,1,1,1,1,0,0
A01662249,1,1,1,1,0,1
A01642280,1,1,1,1,0,1
A01754651,1,1,1,1,0,1
A01642310,1,1,1,1,0,1
A00834152,1,1,1,1,0,1
A01661740,1,1,1,1,0,0
A01642025,1,1,1,1,0,1
A01254217,1,1,1,1,0,1
A01662338,1,1,1,0,0,1
A01641442,1,1,1,1,0,1
A01736264,1,1,1,1,0,1
A01783345,1,1,1,1,0,1
A01661963,1,1,1,1,0,1
A01662432,1,1,1,1,0,1
A01642259,1,1,1,1,0,1
A01798021,1,1,1,1,0,1
A00227837,1,1,1,1,0,1
A01783372,1,1,1,1,0,1
A01771325,1,1,1,1,0,1
A01540363,1,1,1,1,0,1
A01376029,1,0,1,0,0,0
A01374690,1,1,1,1,0,1
A01378198,1,1,1,1,0,1
A01740802,1,1,1,1,0,1
A01642317,1,1,1,1,0,1
A01023972,1,1,1,1,0,1
A01422964,1,1,1,1,0,1
A01745199,1,1,1,1,0,1
A01654246,1,1,1,1,0,1
A01635803,1,1,1,1,0,1
A01275866,1,1,1,1,0,1
A01782459,0,1,1,1,0,1
A00571720,1,1,1,1,0,1
A01633758,1,1,1,1,0,1
A01379925,1,1,1,0,0,1
A01653871,1,1,1,1,0,1
A01024959,1,1,1,1,0,1
A01745058,1,1,1,1,0,1
A01611362,1,1,1,1,0,1
A01745921,1,1,1,1,0,1
A01021951,1,1,1,1,0,1
A01366733,1,1,1,1,0,1
A01367466,1,1,1,1,0,1
A01025105,1,1,1,1,0,0
A01566881,1,1,1,1,0,1
A01540255,1,1,1,1,0,1
A01275182,1,1,1,1,0,1
A01252008,1,1,1,1,0,0
A01745474,1,1,1,1,0,1
A01745466,1,1,1,1,0,1
A01067180,1,1,1,1,0,0
A01641123,1,1,1,1,0,1
A00369868,1,1,1,1,0,1
A01654279,1,1,1,1,0,1
A01025239,1,1,1,1,1,1
A01566816,1,1,1,1,0,1
A01634993,1,1,1,1,0,1
A01634173,1,1,1,1,1,1
A01654393,1,1,1,1,0,1
A01745596,1,1,1,1,0,1
A01025311,1,0,1,1,0,1
A01252307,1,0,1,1,0,1
A01351867,1,1,1,1,0,1
A01753210,1,1,1,1,0,1
A01655059,0,1,1,1,0,1
A01655050,1,1,1,1,0,1
A01026079,1,1,1,1,0,1
A01067423,1,1,1,1,0,1
A01704278,1,1,1,1,0,1
A01655901,1,1,1,1,0,1
A00572173,1,1,1,1,0,1
A01026054,1,1,1,1,0,1
A01655684,1,1,1,1,0,1
A01635459,1,1,1,1,0,1
A01026138,1,0,1,1,0,1
A01746983,1,1,1,1,0,1
A01026150,1,1,1,1,0,1
A01655929,1,1,1,0,1,1
A01747638,1,1,1,1,0,0
A01746991,1,1,1,1,0,1
A01655822,1,1,1,1,0,1
A01635361,1,1,1,1,0,1
A01635412,1,1,1,1,0,1
A01026193,1,1,1,1,0,1
A01635464,1,1,1,1,0,1
A01620736,1,1,1,1,0,1
A01747026,1,1,1,1,0,1
A01662122,1,1,1,1,0,0
A01633743,1,1,1,1,0,1
A01653273,1,1,1,1,0,1
A01653875,1,1,1,1,0,1
A01177831,1,1,1,1,0,1
A01747868,1,1,1,1,0,1
A01747882,1,1,1,1,0,1
A01634063,1,1,1,1,0,1
A01026915,1,1,1,1,0,1
A01026454,1,1,1,1,0,1
A00572357,1,1,1,1,0,1
A01656912,1,1,1,1,0,1
A01636088,1,1,1,1,0,0
A01747810,1,1,1,1,0,1
A01747642,1,1,1,1,0,1
A01656396,1,1,1,1,0,1
A01748112,1,1,1,1,1,1
A01540422,1,1,1,1,0,1
A01748537,1,1,1,1,0,1
A01540427,1,1,1,1,0,0
A01368763,1,1,1,1,0,1
A00572334,1,1,1,1,0,1
A01747826,1,1,1,1,0,1
A01636303,1,1,1,1,0,1
A01656230,1,1,1,1,0,1
A01368887,1,1,1,1,0,1
A01656316,1,1,1,1,0,1
A01026825,1,1,1,0,0,1
A01656300,1,1,1,1,0,1
A01067456,1,1,1,1,0,1
A01423548,1,1,1,1,0,1
A01747938,1,1,1,1,0,1
A01732742,1,1,1,1,0,0
A01369256,1,1,1,1,0,0
A01026645,1,1,1,1,0,1
A01748076,1,1,1,1,0,1
A01026887,1,1,1,1,0,1
A01656238,1,1,1,1,0,1
A01369003,1,1,1,1,0,1
A01747076,1,1,1,1,0,1
A01747144,1,1,1,1,0,1
A01540478,1,1,1,1,0,1
A01636098,1,1,1,1,0,0
A01747489,1,1,1,1,0,1
A01747840,1,1,1,1,1,0
A01635367,1,1,1,1,0,1
A01655828,1,1,1,1,0,1
A01635786,1,1,1,1,0,1
A01655902,1,1,1,1,0,1
A01252702,1,1,1,1,0,1
A01252698,1,1,1,1,0,1
A01252616,1,1,1,1,0,1
A00227335,1,1,1,1,0,1
A01026488,1,1,1,1,0,1
A01635711,1,1,1,1,0,1
A01351946,1,1,1,1,0,1
A01351938,1,1,1,1,0,1
A01747384,1,1,1,1,0,0
A01747410,1,1,1,1,0,1
A01704557,1,1,1,1,0,1
A01379469,0,1,1,1,0,1
A01635809,1,1,1,1,0,0
A01747346,1,1,1,1,0,1
A01656388,1,1,1,1,0,1
A01747646,1,1,1,1,0,1
A01747485,1,1,1,1,0,1
A01653888,1,1,1,1,0,1
A01655890,1,1,1,1,0,1
A01747954,1,1,1,1,0,1
A01747506,1,1,1,0,0,1
A01747497,1,1,1,1,0,1
A01655940,1,1,1,1,0,1
A01026415,1,1,1,1,0,0
A01747859,1,1,1,1,0,1
A01275610,1,1,1,1,0,1
A01656075,1,1,1,1,0,1
A01026675,1,1,1,1,0,1
A01749024,1,1,1,1,0,0
A01027609,1,1,1,1,1,1
A01636984,1,1,1,1,0,1
A01662584,1,1,1,1,0,1
A01352114,1,1,1,1,0,1
A01656373,1,1,1,1,0,1
A01636086,1,1,1,1,0,1
A01747988,1,1,1,1,0,1
A01747972,1,1,1,1,0,1
A01636296,1,1,1,1,0,1
A01252720,1,1,1,1,0,1
A01656552,1,1,1,1,0,1
A01656483,1,1,1,1,0,1
A01656393,1,1,1,1,0,1
A01027307,1,1,1,1,0,1
A01027056,1,1,1,1,0,1
A01252742,1,1,1,1,0,1
A01636560,1,1,1,1,0,1
A01027014,1,1,1,1,0,0
A01027028,1,1,1,1,0,1
A01656426,1,1,1,1,0,1
A01748825,1,1,1,1,0,1
A01656446,1,1,1,0,1,1
A01636554,1,1,1,1,0,1
A01252484,0,1,1,1,1,1
A01748439,1,1,1,1,0,1
A01748275,1,1,1,1,0,1
A01748685,1,1,1,1,0,1
A01748242,1,1,1,1,0,1
A01656440,1,1,1,1,0,1
A01369368,1,1,1,1,0,1
A01369130,1,1,1,1,0,1
A01369270,1,1,1,1,0,1
A01423772,1,1,1,1,0,1
A01753480,1,1,1,1,0,1
A01748260,1,1,1,1,0,1
A01642246,1,1,1,1,0,1
A01747216,1,1,1,1,0,1
A01656715,1,1,1,1,0,1
A01656467,1,0,1,1,0,1
A01656583,1,1,1,1,0,1
A01748677,1,1,1,1,0,1
A01655896,1,1,1,1,0,1
A01656640,1,1,1,1,0,1
A00344823,1,1,1,1,0,1
A01369226,1,0,1,1,0,1
A01742122,1,1,1,1,0,1
A01656826,1,1,1,1,0,1
A01027424,1,1,1,1,0,0
A01747433,1,1,1,1,0,1
A01748476,1,1,1,1,0,1
A01748507,1,1,1,1,0,1
A01656898,1,1,1,1,0,1
A01748716,1,1,1,1,0,1
A01369349,1,1,1,1,0,1
A01747417,1,1,1,1,0,1
A01656621,1,1,1,1,0,1
A01027384,1,1,1,1,0,1
A01641719,1,1,1,1,0,1
A01641329,1,1,1,1,0,1
A01740748,1,1,1,1,0,1
A01748875,1,1,1,1,0,1
A01641541,1,1,1,1,0,1
A01742185,1,1,1,1,0,0
A01754689,1,1,1,1,0,1
A01369406,1,1,1,1,0,0
A01635674,1,1,1,1,0,1
A01770392,1,1,1,1,0,1
A01642043,1,1,1,1,0,1
A01660758,1,1,1,1,0,1
A01742370,1,1,1,1,0,1
A01657215,1,1,1,1,0,1
A01740726,1,1,1,1,0,1
A01636084,1,1,1,1,0,1
A01749020,1,1,1,1,0,1
A01611984,1,1,1,1,0,1
A01636521,1,1,1,1,0,0
A01656468,1,1,1,1,0,1
A01027044,1,1,1,1,0,1
A01656634,1,1,1,1,0,1
A01750831,1,1,1,1,0,1
A01637932,1,1,1,1,0,1
A01742352,1,1,1,1,0,1
A01642214,1,1,1,1,0,1
A01748882,1,1,1,1,0,1
A01751184,1,1,1,1,0,1
A01637035,1,1,1,1,0,1
A01174463,1,1,1,1,0,1
A01752015,1,1,1,1,0,1
A01638405,1,1,1,1,0,1
A01751197,1,1,1,1,0,1
A01782688,1,1,1,1,0,1
A01029404,1,0,1,1,0,1
A01781711,1,1,1,1,0,1
A01639041,1,1,1,1,0,1
A01029390,1,1,1,1,0,1
A01659921,1,1,1,1,0,1
A01751905,1,1,1,1,0,1
A01660613,1,1,1,1,0,1
A01781017,1,1,1,1,0,1
A01659893,1,1,1,1,0,1
A01639935,1,1,1,1,0,1
A01660171,1,1,1,1,0,0
A01753098,1,1,1,1,0,1
A01659245,1,1,1,1,0,1
A01642265,1,1,1,1,0,0
A01707395,1,1,1,1,0,1
A01781049,1,1,1,1,0,1
A01640298,1,1,1,1,0,1
A01741860,1,1,1,1,0,1
A01639738,1,1,1,1,0,1
A01753402,1,1,1,1,0,1
A01753405,1,1,1,1,0,1
A01640853,1,1,1,1,0,0
A01753578,1,1,1,1,0,1
A01661078,1,1,1,1,0,1
A01781988,1,1,1,1,0,1
A01660681,1,1,1,1,0,1
A01781611,1,1,1,1,0,1
A01781837,1,1,1,1,0,1
A01640831,1,1,1,1,0,1
A01660407,1,1,1,1,0,1
A01641878,1,1,1,1,0,1
A01781919,1,1,1,1,0,1
A01781815,1,1,1,1,0,1
A01661098,1,1,1,1,0,1
A00573431,1,1,1,1,0,1
A01753741,1,1,1,1,0,1
A01781634,1,1,1,1,0,1
A01781926,1,1,1,1,0,1
A01753747,1,1,1,1,0,1
A01640992,1,1,1,1,0,1
A01660318,1,1,1,1,0,1
A01640933,1,1,1,1,0,1
A01781655,1,1,1,1,0,1
A01660872,1,1,1,1,0,1
A01782013,1,1,1,1,0,1
A01660392,1,1,1,1,1,1
A01753495,1,1,1,1,0,1
A01781590,1,1,1,1,0,1
A01661433,1,1,1,1,0,1
A01640492,1,1,1,1,0,1
A01662479,1,1,1,1,0,1
A01781767,1,0,1,1,0,1
A01753493,1,1,1,1,0,1
A01640906,1,1,1,1,0,1
A01781485,1,1,1,1,0,1
A00573285,1,1,1,1,0,1
A01640374,1,1,1,1,0,1
A01660981,1,1,1,1,0,1
A01753887,1,1,1,1,0,1
A01640562,1,1,1,1,0,1
A01753179,1,1,1,1,0,1
A01752793,1,1,1,1,0,1
A01641452,1,1,1,1,0,1
A01068229,1,1,1,1,0,1
A01641615,1,1,1,1,0,1
A01782761,1,1,1,1,0,1
A01742321,1,1,1,1,0,1
A01753862,1,1,1,1,0,1
A01753928,1,1,1,1,0,1
A00835157,1,1,1,1,0,0
A01641154,1,1,1,1,0,1
A01782217,1,1,1,1,0,1
A01661552,1,1,1,0,0,1
A01641532,1,1,1,1,0,1
A01641934,1,1,1,1,0,0
A01661548,1,1,1,1,0,1
A01782250,1,1,1,1,0,1
A01753948,1,1,1,1,0,1
A01782565,1,1,1,1,0,1
A01782488,1,1,1,1,0,1
A01254170,1,1,1,1,0,0
A01641618,1,1,1,1,0,0
A01642045,1,1,1,1,0,1
A01753838,1,1,1,1,0,1
A01641115,1,1,1,1,0,1
A01641438,1,1,1,1,0,1
A01662035,1,1,1,1,0,1
A01782214,1,1,1,1,0,0
A01661468,1,1,1,1,0,1
A01754589,1,1,1,1,0,1
A01661906,1,1,1,1,0,1
A01661792,1,1,1,1,0,1
A01754575,1,1,1,1,0,1
A01641372,1,1,1,1,0,1
A01753949,1,1,1,1,0,1
A00833542,1,1,1,1,0,1
A01661181,1,1,1,1,0,1
A01782225,1,1,1,1,0,1
A01562716,1,1,1,1,0,1
A01661687,1,1,1,1,0,1
A01753893,1,1,1,1,0,1
A01782801,1,1,1,1,0,0
A01662204,1,1,1,1,0,1
A01641409,1,1,1,1,0,1
A01642098,0,1,1,1,1,1
A00833939,1,1,1,1,0,1
A01661597,1,1,1,1,0,1
A01754277,1,1,1,1,0,1
A01277215,1,1,1,1,0,1
A01642064,1,1,1,1,1,1
A01782193,1,1,1,1,0,0
A01641713,1,1,1,1,0,1
A01753766,1,1,1,1,0,1
A01754701,1,1,1,1,0,1
A01754475,1,1,1,1,0,1
A01754887,1,1,1,1,0,1
A01641397,1,1,1,1,0,0
A01782413,1,1,1,1,0,1
A01798011,1,1,1,1,0,1
A01782240,1,1,1,1,0,1
A01754994,1,1,1,1,0,1
A01661437,1,1,1,1,0,1
A01641407,1,1,1,1,0,1
A01661791,1,1,1,1,0,1
A01782400,1,1,1,1,0,1
A01662251,1,1,1,1,0,1
A01782951,1,1,1,1,0,1
A01662424,1,1,1,1,0,0
A01783027,1,1,1,1,0,1
A01753845,1,1,1,1,0,1
A01641161,1,1,1,1,0,1
A01782120,1,1,1,1,0,1
A01782874,1,1,1,1,0,1
A01562707,1,1,1,1,0,1
A01642019,1,1,1,1,0,1
A01782559,1,1,1,1,0,1
A01642022,1,1,1,1,0,1
A01782751,1,1,1,1,0,1
A01662558,1,1,1,1,0,1
A01662159,1,1,1,1,0,1
A01798003,1,1,1,1,0,1
A01625621,1,1,1,1,0,1
A01662438,1,1,1,1,0,1
A01798002,1,1,1,1,0,1
A01783304,1,1,1,1,0,1
A01425031,1,1,1,1,0,0
A01425064,1,1,1,1,0,1
A01068274,1,1,1,1,0,0
A01641804,1,1,1,1,0,1
A01662654,0,1,1,1,0,1
A01662756,1,1,1,1,0,1
A01642355,1,1,1,1,0,1
A01277393,1,1,1,1,0,1
A01783061,1,1,1,1,0,1
A01783194,1,1,1,1,0,0
A01662245,1,1,1,1,0,1
A01425057,1,1,1,1,0,1
A01782766,1,1,1,1,0,1
A01642181,1,1,1,1,0,1
A01754989,1,1,1,1,0,1
A01754699,1,1,1,1,0,1
A01641773,1,1,1,1,0,1
A01642044,1,1,1,1,0,1
A01782884,1,1,1,1,0,1
A01642309,1,1,1,1,0,1
A01662284,1,1,1,1,0,1
A01641921,1,1,1,1,0,1
A01642392,1,1,1,1,0,1
A01754772,1,1,1,1,0,1
A01783175,1,1,1,1,0,1
A01662287,1,1,1,1,0,1
A01642200,1,1,1,1,0,1
A01370304,1,1,1,1,0,1
A01632655,1,1,1,1,0,1
A01275601,1,1,1,1,0,1
A01379773,1,0,1,1,0,1
A00226781,1,1,1,1,0,1
A01731114,1,1,1,1,0,1
A01379307,1,1,1,1,0,1
A01251267,1,1,1,1,0,1
A01029114,1,0,1,1,0,1
A01653775,1,1,1,1,0,1
A01633572,1,1,1,1,0,1
A01351542,1,1,1,1,0,1
A01660624,1,1,1,1,0,1
A00369861,1,1,1,1,0,1
A01638512,1,1,1,1,0,1
A01374091,1,1,1,1,0,1
A01023830,1,1,1,0,1,1
A01024970,1,1,1,1,0,1
A01611250,1,1,1,1,0,1
A01653416,1,1,1,1,0,1
A01653104,1,1,1,1,0,1
A01740782,1,1,1,1,0,1
A01376457,1,1,1,1,0,1
A01275198,1,1,1,1,0,1
A01022909,1,1,1,1,0,1
A01652438,1,1,1,1,0,1
A01652900,1,1,1,1,0,1
A01655353,1,1,1,1,0,1
A01654953,1,1,1,1,0,1
A01275268,1,1,1,1,0,1
A01653257,1,1,1,1,0,1
A01174032,1,1,1,1,0,1
A01026387,1,1,1,1,0,1
A01746164,1,1,1,1,0,1
A01653778,1,0,1,1,0,1
A01026076,1,1,1,1,0,0
A01026112,1,1,1,1,0,0
A01746999,1,1,1,1,0,1
A01746599,1,1,1,1,0,1
A01422501,1,1,1,1,0,1
A01654138,1,1,1,1,0,1
A01655812,1,1,1,1,0,1
A01747133,1,1,1,1,0,1
A01067353,1,1,1,1,0,1
A01655903,1,1,1,1,0,1
A01638599,1,1,1,1,0,1
A01026190,1,1,1,1,0,1
A01635354,1,1,1,1,0,1
A01026148,1,1,1,1,0,1
A01275628,1,1,1,1,0,1
A01023753,1,1,1,1,0,1
A01114185,1,1,1,1,0,1
A01633814,1,1,1,1,0,1
A01568704,1,1,1,1,0,1
A01026318,1,1,1,1,0,1
A01636031,1,1,1,1,0,0
A01656094,1,1,1,1,0,1
A01635440,1,1,1,1,0,1
A01252420,1,1,1,1,0,1
A01635557,1,1,1,1,0,1
A01655861,1,1,1,1,0,1
A01747123,1,1,1,1,0,1
A01635480,1,1,1,1,0,1
A01655864,1,1,1,1,0,1
A01747128,1,1,1,1,0,1
A01635738,1,1,1,1,0,1
A01067169,1,1,1,1,0,1
A01653976,1,1,1,1,1,1
A01636587,1,1,1,1,0,0
A01654085,1,1,1,1,0,1
A01620554,1,1,1,1,0,1
A01540788,1,1,1,1,0,1
A01654766,1,1,1,1,0,1
A01745686,1,1,1,1,1,1
A01620590,1,1,1,1,0,1
A01746226,1,1,1,1,0,1
A01655138,1,1,1,1,0,1
A01654623,1,1,1,1,0,1
A01028892,1,1,1,1,0,1
A01748876,1,1,1,1,0,0
A01747894,1,1,1,1,0,0
A01747913,1,1,1,1,0,1
A01656038,1,1,1,1,0,1
A01656366,1,1,1,1,0,1
A01656072,1,1,1,1,0,1
A01656048,1,1,1,1,0,1
A01636459,1,1,1,1,0,1
A01747531,1,1,1,1,0,1
A01611903,1,1,1,1,0,1
A01654914,1,1,1,1,0,1
A01656057,1,1,1,1,0,1
A01747959,1,1,1,1,0,1
A01026613,1,1,1,1,0,1
A01748118,1,1,1,1,0,1
A01275723,0,1,1,1,0,1
A01655453,1,1,1,1,0,1
A01752107,1,1,1,1,0,1
A01275701,0,1,1,0,0,1
A01656079,1,1,1,1,0,1
A01027471,0,1,1,1,0,1
A01656387,1,1,1,1,0,1
A01656444,1,1,1,1,0,1
A01026152,1,1,1,1,0,1
A01747963,1,1,1,1,0,1
A01748127,1,1,1,1,0,0
A01747995,1,1,1,1,0,1
A01752771,1,1,1,1,0,1
A01656284,1,1,1,1,0,1
A01636600,0,1,1,1,0,0
A01655908,1,1,1,1,0,1
A01369307,1,1,1,1,0,1
A01027024,1,1,1,1,0,1
A01656951,1,1,1,1,0,1
A01635531,1,1,1,1,0,1
A01655931,1,1,1,1,0,1
A01026164,1,1,1,1,0,1
A01655845,1,1,1,1,0,1
A01026170,1,1,1,1,0,1
A01368544,1,1,1,1,0,1
A01026452,1,1,1,1,0,1
A01635403,1,1,1,1,0,1
A01635534,1,1,1,1,0,1
A01748111,1,1,1,1,0,1
A01174225,1,1,1,1,0,1
A01656612,1,1,1,1,0,1
A01747154,1,1,1,1,0,1
A01747508,1,1,1,1,0,0
A01747360,1,1,1,0,0,1
A01568866,1,1,1,1,0,1
A01656375,1,1,1,1,0,1
A01252411,1,1,1,1,0,1
A01747607,1,1,1,1,0,1
A01635766,1,1,1,1,0,1
A00572262,1,1,1,1,0,1
A01747416,1,1,1,1,0,1
A01747427,1,1,1,1,0,0
A01635430,1,1,1,1,0,0
A01635435,1,1,1,1,0,1
A00227246,1,1,1,1,0,1
A01747445,1,1,1,1,0,1
A01747330,1,1,1,1,0,1
A01026477,1,1,1,1,0,1
A01611822,1,1,1,1,0,1
A01026474,1,1,1,1,0,1
A01747389,1,1,1,1,0,1
A01747971,1,1,1,1,0,1
A01640905,1,1,1,1,0,1
A01252536,1,1,1,1,0,1
A01654379,1,1,1,1,0,1
A01740290,0,0,1,1,0,1
A01635713,1,1,1,1,0,1
A01747837,1,1,1,1,0,1
A01636052,1,1,1,1,0,1
A01636009,1,1,1,1,0,1
A01025259,1,1,1,1,0,1
A00517260,1,1,1,1,0,1
A01747852,1,1,1,1,0,1
A01026816,1,1,1,1,0,1
A01368707,1,0,1,1,0,1
A01753860,1,1,1,1,0,1
A01634556,1,1,1,1,0,1
A01747495,1,1,1,1,0,1
A01748026,1,1,1,1,0,1
A01423605,1,1,1,1,0,1
A01740868,1,1,1,1,0,0
A01636321,1,1,1,1,0,1
A01635995,1,1,1,1,0,1
A01275641,1,1,1,1,0,1
A01741044,1,1,1,1,0,0
A01657611,1,1,1,1,0,1
A01749023,1,1,1,1,0,1
A01636920,1,1,1,1,0,1
A01423946,1,1,1,0,0,1
A01642050,1,1,1,1,0,0
A01026918,1,1,1,1,0,1
A01656302,1,1,1,1,0,0
A01656341,1,1,1,1,0,1
A01635675,1,1,1,1,0,1
A01635780,1,1,1,1,0,1
A01656328,1,1,1,1,0,1
A01656485,1,1,1,1,0,1
A01027049,1,1,1,1,0,1
A01748239,1,1,1,1,0,1
A01748241,1,1,1,1,0,1
A01027413,1,1,1,1,0,1
A01747628,1,1,1,1,0,1
A01748254,1,1,1,1,0,1
A01733139,1,1,1,1,0,0
A01783109,1,1,1,1,0,1
A01067509,1,1,1,1,0,1
A01656362,1,1,1,1,0,1
A01636565,1,1,1,1,0,1
A01027223,1,1,1,1,0,1
A01027059,1,1,1,1,0,1
A01656705,1,1,1,1,0,1
A01748477,1,1,1,1,0,1
A01747527,1,1,1,1,0,1
A01747399,1,1,1,1,0,1
A01656638,1,1,1,1,0,1
A01656632,1,1,1,1,0,1
A01748533,1,1,1,1,0,1
A01747409,1,1,1,1,0,1
A01657070,1,1,1,1,0,1
A01748552,1,1,1,1,0,0
A01027300,1,1,1,1,0,1
A01657089,1,1,1,1,0,1
A01640928,1,1,1,1,0,1
A00573729,1,1,1,1,0,1
A01748790,1,1,1,1,0,1
A01656903,1,1,1,1,0,1
A01748103,1,1,1,1,0,1
A01747503,1,1,1,1,0,1
A01027553,1,1,1,1,0,1
A01656975,1,1,1,1,0,1
A01740823,1,1,1,1,0,1
A01747656,1,1,1,1,0,1
A01748066,1,1,1,1,0,1
A01656997,1,1,1,1,0,1
A01748797,1,1,1,1,0,1
A01642382,1,1,1,1,0,1
A01754461,1,1,1,1,0,1
A01368847,0,1,1,1,0,0
A01662453,1,1,1,0,1,1
A01753743,1,1,1,1,0,1
A01613064,1,1,1,1,0,1
A01749006,1,1,1,1,0,1
A01657164,1,1,1,1,0,1
A01637044,1,1,1,1,0,1
A01028482,1,1,1,1,0,1
A01636684,1,1,1,1,0,1
A01748442,1,1,1,1,0,1
A01748263,1,1,1,1,0,1
A01748266,1,1,1,1,0,1
A01748480,1,1,1,1,0,1
A01027173,1,1,1,1,0,1
A01705205,1,1,1,1,0,1
A01656699,1,1,1,1,0,1
A01656716,1,1,1,1,0,1
A01748705,1,1,1,1,0,1
A01748744,1,1,1,1,0,1
A01352096,1,1,1,1,0,1
A01656985,1,1,1,1,0,1
A01641552,1,1,1,1,0,1
A01369353,1,1,1,1,0,1
A01641493,1,1,1,1,0,1
A01657913,1,0,1,1,0,1
A01424116,1,1,1,1,0,0
A01658705,1,0,1,1,0,1
A01750832,1,1,1,1,0,1
A01638810,1,1,1,1,0,1
A00573672,1,1,1,1,0,1
A01749500,1,1,1,1,0,1
A01028319,1,1,1,1,0,0
A01369824,1,1,1,1,0,1
A01640493,1,1,1,1,0,1
A01253729,1,1,1,1,0,1
A01642239,1,1,1,1,0,0
A01638843,1,1,1,1,0,1
A01639620,1,1,1,1,0,1
A01029957,1,1,1,1,0,1
A01639961,1,1,1,1,0,1
A01642381,1,1,1,1,0,1
A01659856,1,1,1,1,1,1
A01639795,1,1,1,1,0,1
A01751924,1,1,1,1,0,1
A01659804,1,1,1,1,0,1
A01562431,1,1,1,1,0,1
A01660148,1,1,1,1,0,1
A01734835,1,1,1,1,0,1
A01639261,1,1,1,1,0,1
A01781624,1,1,1,1,0,1
A01638158,1,1,1,1,0,1
A00573141,1,1,1,1,0,1
A01639550,1,1,1,1,0,1
A01753484,1,1,1,1,0,1
A01028886,1,1,1,1,0,1
A01753336,1,1,1,1,0,1
A01753403,1,1,1,1,0,1
A01640095,0,1,1,1,0,0
A01639767,1,1,1,1,0,1
A01783053,1,1,1,1,0,1
A01659809,1,1,1,1,0,1
A01639791,1,1,1,1,0,1
A01641062,1,1,1,1,0,1
A01661829,1,1,1,1,0,1
A01660986,1,1,1,1,0,1
A01662039,1,1,1,1,0,1
A01753882,1,1,1,1,0,1
A01661688,1,1,1,1,0,1
A01782200,1,1,1,1,0,1
A01781825,1,1,1,1,0,0
A01640991,0,1,1,1,0,1
A01782552,1,1,1,1,0,0
A01754293,1,1,1,1,0,1
A01641111,1,1,1,1,0,1
A01425056,1,1,1,1,0,1
A01640932,1,1,1,1,0,0
A01661475,1,1,1,1,0,0
A01753929,1,1,1,1,0,1
A01659919,0,0,1,1,0,1
A01640873,1,1,1,1,0,1
A01625516,1,1,1,1,0,1
A01661203,1,1,1,1,0,1
A01641178,1,1,1,1,0,1
A01640989,1,1,1,1,0,1
A01781467,1,1,1,1,0,1
A01782004,1,1,1,1,0,1
A01753500,1,1,1,1,0,1
A01661478,1,1,1,1,0,1
A00573364,1,1,1,1,0,1
A01661082,1,1,1,1,0,1
A01708606,0,1,1,1,0,1
A01781481,1,1,1,1,0,1
A01770890,1,1,1,1,0,1
A01753749,1,1,1,1,0,1
A01068244,1,1,1,1,0,1
A01753864,1,1,1,1,0,1
A01781505,1,1,1,1,0,1
A01640618,1,1,1,1,0,1
A01660582,1,1,1,1,0,1
A01640815,1,1,1,1,0,0
A01068162,1,1,1,1,0,1
A00831957,1,1,1,1,0,1
A01254033,1,1,1,1,0,1
A01753408,1,1,1,1,0,0
A01781501,1,1,1,1,0,1
A01753841,1,1,1,1,0,1
A01640828,1,1,1,1,0,1
A01640664,1,1,1,1,0,1
A01641627,1,1,1,1,0,1
A01661684,1,1,1,1,0,1
A01782962,1,1,1,1,0,0
A01709328,1,1,1,1,0,1
A01661470,1,1,1,1,0,1
A01782540,1,1,1,1,0,0
A01661707,1,1,1,1,0,1
A01662624,1,1,1,1,0,1
A01641780,1,1,1,1,0,1
A01754612,1,1,1,1,0,1
A01782991,1,1,1,1,0,1
A01661545,1,1,1,1,0,1
A01641440,1,1,1,1,0,1
A01641530,1,1,1,1,0,1
A01709103,1,1,1,1,0,1
A01641616,1,1,1,1,0,1
A01662630,1,1,1,1,0,1
A01642262,1,1,1,1,0,1
A01754829,1,1,1,1,0,1
A01641392,1,1,1,1,0,1
A01783292,1,1,1,1,0,1
A01642161,1,1,1,1,0,0
A01753906,1,1,1,1,0,1
A01642283,1,1,1,1,0,1
A01754650,1,1,1,1,0,1
A01782137,1,1,1,0,0,1
A01782996,1,1,1,1,0,1
A01641805,1,1,1,1,0,1
A01782198,1,1,1,1,0,1
A01661651,1,1,1,1,0,1
A01754427,1,1,1,1,0,1
A01642017,1,1,1,1,0,1
A01754235,1,1,1,1,0,1
A01641803,1,1,1,1,0,1
A01754993,1,1,1,1,0,1
A01661699,1,1,1,1,0,1
A01641140,1,1,1,1,0,1
A01641287,1,1,1,1,0,0
A01661686,1,1,1,1,0,1
A01662023,1,1,1,1,0,1
A01661681,1,1,1,1,0,1
A01754474,1,1,1,1,0,0
A01068243,1,1,1,1,0,1
A01782657,1,1,1,1,0,1
A01641584,1,1,1,1,0,1
A00227831,1,1,1,1,0,1
A01662250,1,1,1,1,0,1
A01782816,1,1,1,1,0,1
A01661410,1,1,1,1,0,1
A01661885,1,1,1,1,0,1
A01641594,1,1,1,1,0,1
A01782590,0,1,1,1,0,1
A01662032,1,1,1,1,0,1
A01641691,1,1,1,1,0,1
A01641788,1,1,1,1,0,1
A01642198,1,1,1,1,0,1
A01782495,1,1,1,1,0,1
A01661486,1,1,1,1,0,1
A01661894,1,1,1,1,0,1
A01754797,1,1,1,1,0,1
A01641280,1,1,1,1,0,1
A01641155,1,1,1,1,0,1
A01662115,1,1,1,1,0,1
A01661826,1,1,1,1,0,1
A01754580,1,1,1,1,0,1
A01641779,1,1,1,1,0,1
A01661907,1,1,1,1,0,1
A01782815,1,1,1,1,0,1
A01754585,1,1,1,1,0,1
A01754459,1,1,1,1,0,1
A01783114,1,1,1,1,0,1
A01783333,1,1,1,1,0,1
A01662783,1,1,1,1,0,1
A01541823,1,1,1,1,0,1
A01352663,1,1,1,1,0,1
A01642356,1,1,1,1,0,1
A01662240,1,1,1,1,0,1
A01642171,1,1,1,1,0,1
A01642258,1,1,1,1,0,1
A01754920,1,1,1,1,0,1
A01642207,1,1,1,1,0,1
A01662591,1,1,1,1,0,1
A01783366,1,1,1,1,0,0
A01662779,1,1,1,1,0,1
A01642128,1,1,1,1,0,0
A01662758,1,1,1,1,0,1
A01352673,1,1,1,1,0,1
A01642201,1,1,1,1,0,0
A01028113,1,1,1,1,0,1
A00517058,1,1,1,1,0,1
A01377463,1,1,1,1,0,1
A01653626,1,1,1,1,0,1
A01377437,1,1,1,1,0,1
A01366651,0,0,1,1,1,1
A01378969,1,1,1,1,0,1
A01378270,1,1,1,1,0,1
A01379426,1,1,1,1,0,1
A01745347,1,1,1,0,0,1
A01634251,1,1,1,1,0,1
A01634244,1,1,1,1,0,1
A01552178,1,1,1,1,0,1
A01745422,1,0,1,1,0,1
A01423228,1,1,1,1,0,1
A01783337,1,1,1,1,0,1
A01655605,1,1,1,1,0,1
A01654382,1,1,1,1,0,1
A01634071,1,1,1,1,0,1
A01654235,1,1,1,1,0,1
A01745614,1,1,1,1,0,1
A01745880,1,1,1,1,0,0
A01634531,1,1,1,1,0,1
A01634111,1,1,1,1,0,1
A01654520,1,1,1,0,0,0
A01611524,1,1,1,1,0,1
A01781834,1,1,1,1,0,1
A01235429,1,1,1,1,0,0
A01368391,1,1,1,1,0,1
A01634540,1,1,1,1,0,1
A01634610,1,1,1,1,0,1
A01745873,1,1,1,1,0,1
A01654979,1,1,1,1,0,1
A01654878,1,1,1,1,0,1
A01740718,1,1,1,1,0,0
A01746422,1,1,1,1,0,1
A01024067,1,0,1,1,0,1
A01752105,1,1,1,1,0,1
A00572029,1,1,1,1,0,1
A01252458,1,1,1,1,0,1
A01635442,1,1,1,1,0,1
A01747147,1,1,1,1,0,1
A00344805,1,1,1,1,0,1
A01571156,1,1,1,1,0,1
A01174059,1,1,1,1,0,1
A01275606,1,1,1,1,0,0
A01252439,1,1,1,1,0,1
A00572246,1,1,1,1,0,0
A01655165,1,1,1,1,0,1
A01351927,0,1,1,1,0,0
A01635483,1,1,1,1,0,0
A01026388,1,1,1,1,0,0
A01026459,1,1,1,1,1,1
A01635804,1,1,1,1,0,0
A01634257,1,1,1,1,0,1
A01067182,1,1,1,1,0,0
A01635755,1,1,1,1,0,1
A01635429,1,1,1,1,0,1
A01747166,1,1,1,1,0,1
A01656353,1,1,1,1,0,1
A01654469,1,1,1,1,0,1
A01745715,1,1,1,1,0,0
A01026433,1,1,1,1,0,1
A01026437,1,1,1,1,0,1
A00344692,1,1,1,1,0,1
A01351957,1,1,1,1,0,1
A01747451,1,1,1,1,0,1
A01747435,1,1,1,1,0,1
A01635815,1,1,1,1,0,1
A01655466,1,1,1,1,0,1
A01746349,1,1,1,1,1,1
A01635818,1,1,1,1,0,1
A01655934,1,1,1,1,0,1
A01635816,1,1,1,1,0,0
A01655917,1,1,1,1,0,1
A01747635,1,1,1,1,0,1
A01748006,1,1,1,1,0,0
A01635799,1,1,1,1,1,1
A01634990,1,1,1,1,0,1
A01654879,1,1,1,1,0,1
A01655045,1,1,1,1,0,1
A01747543,1,1,1,1,0,1
A01368696,1,1,1,1,0,0
A01635126,1,1,1,1,0,1
A01747028,1,1,1,1,0,1
A01740729,1,1,1,1,0,1
A01566927,1,1,1,1,0,1
A01655450,1,1,1,1,0,1
A01642244,1,1,1,1,0,1
A01026053,1,1,1,1,0,1
A01026355,1,1,1,1,0,1
A01656372,1,1,1,1,0,1
A01023340,1,1,1,1,0,1
A01026136,1,1,1,1,0,1
A01748129,1,1,1,0,0,1
A01656622,1,1,1,1,0,1
A01067424,1,1,1,1,0,1
A01747005,1,1,1,1,0,1
A01026174,1,1,1,1,0,1
A01368493,1,1,1,1,0,1
A01026296,1,1,1,1,0,1
A01114945,0,0,1,1,1,1
A01023332,1,1,1,1,0,1
A01378695,1,1,1,1,0,1
A01635368,1,1,1,1,0,1
A01611748,1,1,1,1,0,1
A01652122,1,1,1,1,0,1
A01632210,1,1,1,1,0,1
A01662123,1,1,1,1,0,1
A01636825,1,1,1,1,0,1
A01026297,1,1,1,1,0,1
A01709381,1,1,1,1,0,1
A01656779,1,1,1,1,0,1
A01748700,1,1,1,1,0,1
A01635493,1,1,1,1,0,1
A01611688,1,1,1,1,0,1
A01747143,1,1,1,1,0,1
A01747141,1,1,1,1,0,1
A01656917,1,1,1,1,0,1
A01369288,1,1,1,1,0,1
A01636832,1,1,1,1,0,1
A01369231,1,1,1,1,0,0
A01656712,0,1,1,1,0,1
A01636683,1,1,1,1,0,1
A01782864,1,1,1,1,0,1
A01174262,1,1,1,1,0,1
A01656344,1,1,1,1,0,1
A01747160,1,1,1,1,0,1
A01027548,1,1,1,1,0,1
A01657073,1,1,1,1,0,1
A01027417,1,1,1,1,0,1
A01635830,1,1,1,1,0,1
A01747565,1,0,1,1,0,1
A01636460,1,1,1,1,0,1
A01254000,1,1,1,1,0,1
A01641231,1,1,1,1,0,1
A01657090,1,1,1,1,0,1
A01747647,1,1,1,1,0,1
A01747414,1,1,1,1,0,1
A01655939,1,1,1,1,0,1
A01424506,1,1,1,1,0,1
A01771216,1,1,1,1,0,1
A01540488,1,1,1,1,0,1
A01747407,1,1,1,1,0,1
A01635708,1,1,1,1,0,1
A01740753,1,1,1,1,0,1
A01747955,0,1,1,1,0,1
A01751650,1,1,1,1,0,1
A01747567,1,1,1,1,0,0
A01656039,1,1,1,1,0,1
A01635751,1,1,1,1,0,0
A01748073,1,1,1,1,0,1
A01423693,1,1,1,1,0,1
A01636586,1,1,1,1,0,1
A01740755,1,1,1,1,0,0
A01026634,1,1,1,1,0,1
A01747915,1,1,1,1,0,1
A01275743,1,1,1,1,0,1
A01656563,1,1,1,1,0,1
A01747962,1,1,1,1,0,1
A01655352,1,1,1,1,0,0
A01655341,1,1,1,1,0,1
A01747933,1,1,1,1,0,1
A01636068,1,1,1,1,0,1
A01747975,1,1,1,1,0,1
A01252326,1,1,1,1,0,1
A01026091,1,1,1,1,0,1
A01636020,1,1,1,1,0,0
A01026862,1,1,1,1,0,1
A01748048,1,1,1,1,0,1
A01026819,1,1,1,1,0,1
A01026593,1,1,1,1,0,1
A01746977,1,1,1,1,0,1
A01026125,1,1,1,1,0,1
A01748210,1,1,1,1,0,1
A01026232,1,1,1,1,0,1
A01636330,1,1,1,1,0,0
A01656457,1,1,1,1,0,1
A01748123,1,1,1,1,0,1
A01635385,1,1,1,1,0,1
A01656459,1,1,1,1,0,1
A01748113,1,1,1,1,0,1
A01636559,1,1,1,1,0,1
A01026316,1,1,1,1,0,1
A01568875,1,1,1,1,1,1
A01656713,1,1,1,1,0,1
A01748504,1,1,1,1,0,0
A01369062,1,1,1,1,0,1
A01568710,1,1,1,1,0,0
A01655911,1,1,1,1,0,1
A01027065,1,1,1,1,0,1
A01369186,1,1,1,1,0,1
A01656441,1,1,1,1,0,1
A01641924,1,1,1,1,0,0
A00572347,1,1,1,1,0,1
A01656646,1,1,1,1,0,1
A01067544,1,1,1,1,0,1
A01636675,1,1,1,1,0,1
A01636561,1,1,1,1,0,1
A01656847,1,1,1,1,0,1
A01656961,1,1,1,1,0,1
A01656984,1,1,1,0,0,1
A01656979,1,1,1,1,0,1
A01736628,1,1,1,1,0,1
A01254151,1,1,1,1,0,1
A01749000,1,1,1,1,0,1
A01659091,1,1,1,1,0,1
A01640291,1,1,1,1,0,1
A01747811,1,1,1,1,0,1
A01656055,1,1,1,1,0,1
A01620827,1,1,1,1,0,1
A01657086,1,1,1,1,0,1
A01027556,1,1,1,1,0,1
A01656382,1,1,1,1,0,1
A01275696,1,1,1,1,0,1
A01749032,1,1,1,1,0,1
A01740832,1,1,1,1,0,1
A01636056,1,1,1,1,0,1
A01656200,1,1,1,1,0,1
A01657229,1,1,1,1,0,1
A01067440,1,1,1,1,0,1
A01636133,1,1,1,1,0,1
A01424902,1,1,1,1,0,1
A01641333,1,1,1,1,0,1
A01754698,1,1,1,1,0,1
A01732944,1,1,1,1,0,1
A01656292,1,1,1,1,0,1
A01636063,1,1,1,1,0,1
A01636322,1,1,1,1,0,1
A01636310,1,1,1,1,0,1
A01027027,1,1,1,1,0,1
A01656651,1,1,1,1,0,1
A01748088,1,1,1,1,0,1
A01027468,1,1,1,1,0,1
A01748104,1,1,1,1,0,1
A01722079,1,1,1,1,0,1
A01552398,1,1,1,1,0,1
A01748250,1,0,1,1,0,1
A01656559,1,1,1,1,0,1
A01656571,1,1,1,1,0,1
A01027225,1,1,1,1,0,1
A01636552,1,1,1,1,0,1
A01029034,0,0,1,1,0,1
A01028694,1,1,1,1,0,1
A01028134,1,1,1,1,0,1
A01750734,1,1,1,1,0,1
A01657140,1,1,1,1,0,1
A01748981,1,1,1,1,0,1
A01640810,1,1,1,1,0,1
A01658235,1,1,1,1,0,1
A01639206,1,1,1,1,0,1
A01657545,1,1,1,1,0,1
A01662612,1,1,1,1,0,0
A01638124,1,1,1,1,0,1
A01753102,1,1,1,1,0,1
A01750009,1,1,1,1,0,1
A01752128,1,1,1,1,0,1
A01638727,1,1,1,1,0,1
A01638764,1,1,1,1,0,1
A01781345,1,1,1,1,0,1
A01424278,1,1,1,1,0,1
A01659826,1,1,1,1,0,1
A01752671,1,1,1,0,0,1
A01639614,1,1,1,1,0,1
A00831031,1,1,1,1,0,1
A01770046,1,1,1,1,0,1
A01640122,1,1,1,1,0,1
A01659784,1,1,1,1,0,1
A01735347,1,1,1,1,0,1
A01660143,1,1,1,1,0,1
A01781542,1,1,1,1,0,1
A01735608,1,1,1,1,0,1
A01781216,1,1,1,1,0,1
A01659822,1,1,1,1,0,1
A01781570,1,1,1,1,0,1
A01641555,1,1,1,1,0,1
A01751929,1,1,1,1,0,1
A01781291,1,1,1,1,0,1
A01782466,1,1,1,1,0,0
A01660675,1,1,1,1,0,1
A01781687,0,1,1,1,0,1
A01640819,1,1,1,1,0,1
A01661174,1,1,1,1,0,1
A01782114,1,1,1,1,0,1
A01770724,1,1,1,1,1,0
A01753740,1,1,1,1,0,1
A01661473,1,1,1,1,0,1
A01641369,1,1,1,1,0,1
A01781916,1,1,1,1,0,1
A01781936,1,1,1,1,0,1
A01640898,1,1,1,1,0,1
A01770719,1,1,1,1,1,1
A01641100,1,1,1,1,0,1
A01641185,1,1,1,1,0,1
A01641113,1,1,1,1,0,1
A01661172,1,1,1,1,0,1
A01753494,1,1,1,1,0,1
A01782147,1,1,1,1,0,1
A01781992,1,1,1,1,0,1
A01770772,1,1,1,1,0,1
A01782564,1,1,1,1,0,1
A01782191,1,1,1,1,0,1
A01782190,1,1,1,1,0,1
A01782549,1,1,1,1,0,1
A01781923,1,1,1,1,0,1
A01782442,1,1,1,1,0,1
A01660887,1,1,1,1,0,1
A01782187,1,1,1,1,0,1
A01753577,1,1,1,1,0,1
A01660989,1,1,1,1,0,1
A01753835,1,1,1,1,0,1
A01708429,1,1,1,1,0,1
A01753742,1,1,1,1,0,1
A01640856,1,1,1,1,0,1
A01661100,1,1,1,1,0,1
A01662235,1,1,1,1,0,1
A01753716,1,1,1,1,0,1
A01782024,1,1,1,1,0,1
A01753923,1,1,1,1,0,1
A01641244,1,1,1,1,0,1
A01661458,1,1,1,1,0,1
A01783363,1,1,1,1,0,1
A01782961,1,1,1,1,0,1
A01782196,1,1,1,1,0,1
A01753265,1,1,1,1,0,1
A01424692,1,1,1,1,0,1
A01782694,1,1,1,1,0,1
A01661875,1,1,1,1,0,1
A01754594,1,1,1,1,0,1
A01641400,1,1,1,1,0,1
A01753911,1,1,1,1,0,1
A01782475,1,1,1,1,0,1
A01782653,1,1,1,1,0,1
A01782543,1,1,1,1,0,1
A00573619,1,1,1,1,0,1
A01424916,1,1,1,1,0,0
A01661883,1,1,1,1,0,1
A01661493,1,1,1,1,0,1
A01641033,1,1,1,1,0,1
A01641613,1,1,1,1,0,1
A01642196,1,1,1,1,0,1
A01641645,1,1,1,1,0,1
A01782692,1,1,1,1,0,1
A01640820,1,1,1,1,0,0
A01277280,1,1,1,1,0,1
A01662389,1,1,1,1,0,1
A01661643,1,1,1,1,0,1
A01641651,1,1,1,1,0,0
A01662033,1,1,1,1,0,1
A01661594,1,1,1,1,0,1
A01640827,1,1,1,1,0,1
A01641880,1,1,1,1,0,1
A01782803,1,1,1,1,0,1
A01641695,1,1,1,1,0,1
A01782551,1,1,1,1,0,1
A01641455,1,1,1,1,0,1
A01661494,1,1,1,1,0,1
A01782493,1,1,1,1,0,0
A01661450,0,1,1,1,0,1
A01661882,1,1,1,1,0,1
A01641751,1,0,1,1,0,1
A01753501,1,1,1,1,0,1
A00834571,1,1,1,1,0,1
A01753954,1,1,1,1,0,1
A01754429,1,1,1,1,0,1
A01661896,1,1,1,1,0,1
A01782846,1,1,1,1,0,0
A01640925,1,1,1,1,0,1
A01661472,1,1,1,1,0,1
A01783062,1,1,1,1,0,1
A01783342,1,1,1,1,0,1
A01641775,1,1,1,1,0,1
A01662274,1,1,1,1,0,1
A01754302,1,1,1,1,0,1
A01782201,1,1,1,1,0,0
A01661663,1,1,1,1,0,1
A00833692,1,1,1,1,0,1
A01641430,1,1,1,1,0,1
A01661972,1,1,1,1,0,1
A01662201,1,1,1,1,0,1
A01662590,1,1,1,1,0,1
A01782237,1,1,1,1,0,1
A01661178,1,1,1,1,0,1
A01661710,1,1,1,1,0,1
A01641668,1,1,1,1,0,1
A00833802,1,1,1,1,0,1
A01562651,1,1,1,1,0,1
A01641790,1,1,1,1,0,1
A00227807,1,1,1,1,0,1
A01641799,1,1,1,1,0,1
A01782981,1,1,1,1,0,1
A01642271,1,1,1,1,0,0
A01798023,1,1,1,1,0,1
A01662481,0,0,1,1,0,1
A01783196,1,1,1,1,0,1
A01541832,0,1,1,1,0,1
A01662813,1,1,1,1,0,1
A01641975,1,1,1,1,0,1
A01662503,1,1,1,1,0,1
A01662697,1,1,1,1,0,1
A01754649,1,1,1,1,0,1
A01783069,1,1,1,1,0,1
A01783200,1,1,1,1,0,1
A01662728,1,1,1,1,0,1
A01754957,1,1,1,1,0,1
A01642222,1,1,1,1,0,1
A01783155,1,1,1,1,0,1
A01782768,1,1,1,1,0,1
A01709536,1,1,1,1,0,1
A01642353,1,1,1,1,0,1
A01662782,1,1,1,1,0,1
A01783154,1,1,1,1,0,1
A01798124,1,1,1,1,0,0
A01642183,1,1,1,1,0,1
A01754953,1,1,1,1,0,1
A01798068,1,1,1,1,0,1
A01634223,1,1,1,1,0,1
A01745313,1,1,1,1,0,1
A01745549,1,1,1,1,0,1
A01705351,1,1,1,1,0,0
A01746319,1,1,1,1,0,1
A01655184,1,1,1,1,0,1
A01025667,1,1,1,1,0,1
A01746507,1,1,1,1,0,1
A01655724,1,1,1,1,1,1
A01275585,1,1,1,1,0,1
A01746378,1,1,1,1,1,1
A01021999,1,1,1,1,0,1
A01635392,1,1,1,1,0,1
A01377551,1,1,1,1,0,1
A01651592,1,1,1,1,0,1
A01652373,1,1,1,1,0,1
A01423095,1,1,1,1,0,1
A01651058,1,1,1,1,0,1
A01023829,1,1,1,1,0,1
A01652606,1,1,1,1,0,1
A01251811,0,0,1,1,0,1
A01633836,1,1,1,1,0,1
A01633817,1,1,1,1,0,1
A01740462,1,1,1,1,0,1
A01024820,1,1,1,0,0,1
A01026441,1,1,1,1,0,1
A01655912,1,1,1,1,0,1
A01656168,1,1,1,1,0,1
A01367900,1,1,1,1,1,1
A01746491,1,1,1,1,0,1
A01025660,1,1,1,1,0,1
A01634977,1,1,1,1,0,1
A01655041,1,1,1,1,0,1
A01625473,1,1,1,1,0,1
A01747473,1,1,1,1,0,0
A01026483,1,0,1,1,0,1
A01740811,1,1,1,1,0,1
A01747521,1,1,1,1,0,1
A01423602,1,1,1,1,0,0
A01655603,1,1,1,1,0,1
A01732326,1,1,1,1,0,1
A01746803,1,1,1,1,0,0
A01747808,1,1,1,1,0,1
A00227158,1,1,1,1,0,1
A01552461,1,1,1,1,0,1
A01373560,1,1,1,1,0,1
A01254111,1,1,1,1,0,1
A01566136,1,1,1,1,0,1
A01066569,0,0,1,1,0,1
A01026177,1,1,1,1,0,0
A01173450,1,1,1,1,0,1
A01026409,0,0,1,1,0,1
A01652108,1,1,1,1,0,1
A01379000,1,1,1,1,0,1
A01652158,1,1,1,1,0,1
A01747011,1,1,1,1,0,1
A01633517,1,0,1,1,0,1
A01024083,1,1,1,1,0,1
A01352008,1,1,1,1,0,1
A01747054,1,1,1,1,0,1
A01252416,1,1,1,1,0,1
A01378352,1,1,1,1,0,1
A01379420,1,1,1,1,0,1
A01639233,1,1,1,1,0,1
A01026366,1,1,1,1,0,1
A01747121,1,1,1,1,0,1
A01024831,1,1,1,1,0,1
A01379794,1,1,1,1,0,1
A01423176,1,1,1,1,0,1
A01284540,1,1,1,1,0,1
A01781740,1,1,1,1,0,1
A01611520,1,1,1,1,0,1
A01025035,1,1,1,1,0,1
A01635672,1,1,1,1,0,1
A01276683,1,1,1,1,0,1
A00227103,1,1,1,1,0,1
A01026352,1,1,1,1,0,1
A00344757,1,1,1,1,0,1
A01634066,1,1,1,1,0,1
A01745287,1,1,1,1,0,1
A01275566,1,1,1,1,0,1
A01745191,1,1,1,1,1,1
A01423275,1,1,1,1,0,1
A01654224,1,1,1,1,0,1
A01747354,1,1,1,1,0,1
A01654964,1,1,1,1,0,1
A01634523,1,1,1,1,0,1
A01233950,1,0,1,1,0,1
A01654903,1,1,1,1,0,1
A01747512,1,1,1,1,0,1
A00572223,1,1,1,1,0,1
A01635739,1,1,1,1,0,1
A01654521,1,1,1,1,0,1
A01732280,1,1,1,1,0,1
A01620717,1,1,1,1,0,1
A01635808,1,1,1,1,0,1
A01275660,1,1,1,1,0,0
A01027403,1,1,1,1,0,1
A01642357,1,1,1,1,0,1
A01721684,1,1,1,1,0,1
A01635797,1,1,1,1,0,1
A01656035,1,1,1,1,0,1
A01747533,1,1,1,1,0,1
A01026659,1,1,1,1,0,1
A01753886,1,1,1,1,0,1
A01635676,1,1,1,1,0,1
A01656041,1,1,1,1,0,1
A01747587,1,1,1,1,0,1
A01656042,1,1,1,1,0,1
A01368788,1,1,1,1,0,1
A01656476,1,1,1,1,0,1
A01747923,1,1,1,1,0,1
A01275697,1,1,1,1,0,1
A01368949,1,1,1,1,0,1
A01351899,1,1,1,1,0,1
A01635258,1,1,1,1,0,1
A01746875,1,0,1,1,0,1
A01026095,1,1,1,1,0,1
A01656378,0,1,1,1,0,0
A01748099,1,1,1,1,0,1
A01656333,1,1,1,1,0,0
A01656465,1,1,1,1,0,1
A01026274,1,1,1,1,0,1
A01746979,1,1,1,1,0,1
A01748078,1,1,1,1,0,0
A00572494,1,1,1,1,0,1
A01540884,1,1,1,1,0,1
A01636616,1,1,1,1,0,1
A01747003,1,1,1,1,0,1
A01655803,1,1,1,1,0,1
A01655860,1,1,1,1,0,1
A01026505,1,1,1,1,0,0
A01027209,1,1,1,1,0,1
A01026184,1,1,1,1,0,1
A01026295,1,1,1,1,0,1
A01747024,1,1,1,1,0,1
A01656569,1,1,1,1,0,1
A01748219,1,1,1,1,0,1
A01656480,1,1,1,1,0,1
A01635362,1,1,1,1,0,1
A01378022,1,1,1,1,0,1
A01568821,1,1,1,1,0,1
A01566937,1,1,1,1,0,1
A01748557,1,1,1,1,0,1
A01656486,1,1,1,1,0,1
A01026331,1,1,1,1,0,1
A01656010,1,1,1,1,0,1
A01656027,1,1,1,1,0,1
A01656277,1,1,1,1,0,1
A01635486,1,1,1,1,0,1
A01656447,1,1,1,1,0,1
A01067503,1,1,1,1,0,0
A00344756,1,1,1,1,0,1
A01747842,1,1,1,1,0,1
A01635824,1,1,1,1,0,1
A01657078,1,1,1,1,0,1
A01635556,1,1,1,1,0,1
A01252403,1,1,1,1,0,1
A01635749,1,1,1,1,0,1
A00227255,1,1,1,1,0,1
A01026658,1,1,1,1,0,1
A01661683,1,1,1,1,0,1
A01661897,1,1,1,1,0,1
A01748493,1,1,1,1,0,1
A01635530,1,1,1,1,0,1
A01747158,1,1,1,1,0,0
A01635445,1,1,1,1,0,0
A01566961,1,1,1,1,0,1
A01747159,1,1,1,1,0,1
A01705087,1,1,1,1,0,1
A01252438,1,1,1,1,0,1
A01747135,1,1,1,1,0,0
A01747209,1,1,1,1,0,1
A01747347,1,1,1,1,0,1
A01748550,1,1,1,1,0,1
A01656823,1,1,1,1,0,1
A01635448,1,1,1,1,0,1
A01026502,1,1,1,1,0,1
A01747845,1,1,1,1,0,0
A01748811,1,1,1,1,0,1
A01747614,1,1,1,1,0,1
A01541067,1,1,1,1,0,1
A01748674,1,1,1,1,0,1
A01612097,1,1,1,1,0,0
A01747339,1,1,1,1,0,1
A01635795,1,1,1,1,0,1
A01656409,1,1,1,1,0,1
A01552491,1,1,1,1,0,1
A01368688,1,1,1,1,0,0
A01640786,1,1,1,1,0,1
A01749047,1,1,1,1,0,1
A01748016,1,1,1,1,0,1
A01246385,1,1,1,1,0,1
A01748286,1,1,1,1,0,0
A01026615,1,1,1,1,0,1
A01636075,1,1,1,1,0,1
A01026989,1,1,1,1,0,1
A01748997,1,1,1,1,0,0
A01747804,1,1,1,1,0,1
A01636338,1,1,1,1,0,1
A01636319,1,1,1,1,0,1
A01748049,1,1,1,1,0,1
A01748081,1,1,1,1,0,1
A01661890,1,1,1,1,0,1
A01783252,1,1,1,1,0,1
A01620779,1,1,1,1,0,1
A01656392,1,1,1,1,0,0
A01748438,1,1,1,1,0,1
A01636420,1,1,1,1,0,1
A01369025,0,1,1,0,0,1
A01369246,1,1,1,1,0,0
A01748224,1,1,1,1,0,1
A01748667,1,1,1,1,0,1
A01748236,1,1,1,1,0,1
A01027391,1,1,1,1,0,1
A01027157,1,1,1,1,0,1
A01027086,1,1,1,1,0,1
A01748267,1,1,1,1,0,1
A01748277,1,1,1,1,0,1
A01027219,1,1,1,1,0,1
A01423762,1,1,1,1,0,1
A01411993,1,1,1,1,0,1
A01748653,1,1,1,1,0,1
A01748643,1,1,1,1,0,1
A01027177,1,1,1,1,0,1
A01748488,1,1,1,1,0,1
A01369268,1,1,1,0,0,0
A01369192,1,1,1,1,0,1
A01740970,1,1,1,1,0,1
A01748697,1,1,1,1,0,0
A01748652,1,1,1,1,0,1
A01748897,1,1,1,1,0,1
A01705266,1,1,1,1,0,0
A01275944,1,1,1,1,0,1
A01657924,1,1,1,1,0,0
A01655907,1,1,1,1,0,0
A01732842,1,1,1,1,1,1
A01540453,1,1,1,1,0,1
A01656011,1,1,1,1,0,1
A01636914,1,1,1,1,0,1
A01769010,1,1,1,1,0,1
A01748887,1,1,1,1,0,1
A01754917,1,1,1,1,0,1
A01638463,1,1,1,1,0,1
A01658744,1,1,1,1,0,1
A01027972,1,1,1,1,0,1
A01638412,1,1,1,1,0,1
A01028310,1,1,1,1,0,1
A01369397,1,1,1,1,0,1
A01657166,1,1,1,1,0,0
A01657272,1,1,1,1,0,1
A01750796,1,1,1,1,0,1
A01659864,1,1,1,1,0,1
A00829735,1,1,1,1,0,1
A01750876,1,1,1,1,0,1
A01659753,1,1,1,1,0,1
A01029160,1,0,1,1,0,1
A01029920,0,1,1,0,0,1
A01751212,1,0,1,1,0,1
A01621037,0,1,1,1,0,1
A01029742,1,1,1,1,0,0
A01028214,1,1,1,1,0,1
A01782392,1,1,1,1,0,1
A01659824,1,1,1,1,0,1
A01029990,1,1,1,1,0,1
A01752661,1,1,1,1,0,1
A01782385,1,1,1,1,0,1
A01752203,1,1,1,1,0,1
A01659224,1,1,1,0,0,1
A01639897,1,1,1,1,0,1
A01253586,1,0,1,1,0,1
A01752803,1,1,1,1,0,1
A01659935,1,1,1,1,0,1
A01639603,1,1,1,1,0,1
A01641494,1,1,1,1,0,1
A01781343,1,1,1,1,0,1
A01781816,1,1,1,1,0,1
A01781093,1,1,1,1,0,1
A01752163,1,1,1,1,1,1
A01661607,1,1,1,1,0,1
A01751249,1,1,1,1,0,0
A01781359,1,1,1,1,0,1
A01753732,1,1,1,1,0,1
A01625518,1,1,1,1,0,1
A01661592,1,1,1,1,0,1
A01640573,1,1,1,1,0,1
A01781360,1,1,1,1,0,1
A01639914,1,1,1,1,0,1
A00832831,1,1,1,1,0,0
A01640987,1,1,1,1,0,1
A00573462,1,1,1,1,0,1
A01661474,1,1,1,1,0,0
A01662280,1,1,1,1,0,1
A01640464,1,1,1,1,0,1
A01660423,1,1,1,1,0,1
A01254034,1,1,1,1,0,1
A00833676,1,1,1,1,0,1
A01641133,1,1,1,1,0,1
A01753235,1,1,1,1,0,1
A01782743,1,1,1,1,0,1
A01753876,1,1,1,1,0,1
A01782122,1,1,1,1,0,0
A01174714,1,1,1,1,0,1
A01660665,1,1,1,1,0,1
A01641186,1,1,1,1,0,1
A01661179,1,1,1,1,0,1
A01782234,1,1,1,1,0,1
A01661477,1,1,1,1,0,1
A01641383,1,1,1,1,0,1
A01641116,1,1,1,1,0,1
A01753895,1,1,1,1,0,1
A01752183,1,1,1,1,0,1
A01641138,1,1,1,1,0,1
A01754281,1,1,1,1,0,1
A01641379,1,1,1,1,0,1
A01661404,1,1,1,1,0,1
A01642156,1,1,1,1,0,1
A01752212,1,1,1,1,0,1
A01562628,1,1,1,1,0,1
A01640902,1,1,1,1,0,1
A01640929,1,1,1,1,0,1
A01781070,1,1,1,1,0,1
A01640723,1,1,1,1,0,1
A01753412,1,1,1,1,0,1
A01352482,1,1,1,1,0,1
A01754371,1,1,1,1,0,1
A01754292,1,1,1,1,0,1
A01782008,1,1,1,1,0,1
A01753898,1,1,1,1,0,1
A01782512,1,1,1,1,0,1
A01742268,1,1,1,1,0,1
A01662656,1,1,1,1,0,1
A01640894,1,1,1,1,0,1
A01783068,1,1,1,1,0,1
A01662427,1,1,1,1,0,0
A01661483,1,1,1,1,0,0
A01782808,1,1,1,1,0,1
A01661714,1,1,1,1,0,1
A01783168,1,1,1,1,0,1
A01641704,1,1,1,1,0,1
A01662283,1,1,1,1,0,1
A01254277,1,1,1,1,0,1
A01754704,1,1,1,1,0,0
A01783151,1,1,1,1,0,1
A01753921,1,1,1,1,0,1
A01753877,1,1,1,1,0,0
A01662433,1,1,1,1,0,1
A01662465,1,1,1,1,0,1
A01661717,1,1,1,1,0,1
A01783002,1,1,1,1,0,1
A01662029,1,1,1,1,0,1
A01782695,1,1,1,1,0,1
A01254214,1,1,1,1,0,0
A01254250,1,1,1,1,0,1
A01754273,1,1,1,1,0,1
A01753497,1,1,1,1,0,1
A01753580,1,1,1,1,0,1
A01782698,1,1,1,1,0,1
A01753488,1,1,1,1,0,1
A01661600,1,1,1,1,0,1
A01661436,1,1,1,1,0,1
A01641620,1,1,1,1,0,1
A01753950,1,1,1,1,0,1
A01662040,1,1,1,1,0,1
A01641420,1,1,1,1,0,1
A01754367,1,1,1,1,0,1
A01782015,1,1,1,1,0,1
A01661790,1,1,1,1,0,1
A01625551,1,1,1,1,0,1
A01641988,1,1,1,1,0,0
A01662291,1,1,1,1,1,1
A01782745,1,1,1,1,0,1
A01782199,1,1,1,1,0,1
A01782186,1,1,1,1,0,0
A01641160,1,1,1,1,0,1
A01754304,1,1,1,1,0,1
A01782955,1,1,1,1,0,1
A01642285,1,1,1,1,0,1
A01641650,1,1,1,1,0,1
A01641966,1,1,1,1,0,1
A01754584,1,1,1,1,0,1
A01754735,1,1,1,1,0,1
A01782541,1,1,1,1,0,1
A01709477,1,1,1,1,0,1
A01641941,1,1,1,1,0,1
A01254187,1,1,1,1,0,1
A01662331,1,1,1,1,0,1
A01753842,1,1,1,1,0,1
A01782403,1,1,1,1,0,1
A01753756,1,1,1,1,0,1
A01640705,1,1,1,1,0,1
A01753157,1,1,1,1,0,1
A01659752,1,1,1,1,0,1
A01639740,1,0,1,1,0,1
A01752170,1,1,1,1,0,1
A01640543,1,0,1,1,0,1
A01661115,1,1,1,1,0,1
A01782593,1,1,1,1,0,1
A01753951,1,1,1,1,0,1
A01781933,1,1,1,1,0,1
A01661095,1,1,1,1,0,1
A01641573,1,1,1,1,0,1
A01640822,1,1,1,1,0,1
A01640429,1,1,1,1,0,1
A01783177,1,1,1,1,0,1
A00573463,1,1,1,1,0,1
A01641036,1,1,1,1,0,1
A01735285,1,1,1,1,0,1
A01639729,1,1,1,1,0,1
A01781223,1,1,1,1,0,1
A01753347,1,1,1,1,0,1
A01753718,1,1,1,1,0,1
A01781337,0,0,1,1,0,1
A01424528,1,1,1,1,0,1
A01640899,1,1,1,1,0,1
A01641264,1,1,1,1,0,1
A01781790,1,1,1,1,0,1
A01660518,1,1,1,1,0,1
A01640755,1,1,1,1,0,1
A01781082,1,1,1,1,0,1
A01781298,1,1,1,1,0,1
A01709583,1,1,1,1,0,1
A01781983,1,1,1,1,0,1
A01754417,1,1,1,1,0,1
A01770336,1,1,1,1,0,1
A01029945,1,1,1,1,0,1
A01640922,1,1,1,1,0,1
A01736654,1,1,1,1,0,1
A01753274,1,1,1,1,0,1
A01641147,1,1,1,1,0,1
A01753491,1,1,1,1,0,1
A01640375,1,1,1,1,0,1
A01752666,1,1,1,1,0,1
A01753485,1,1,1,1,0,1
A01771253,1,0,1,1,0,1
A01749025,1,1,1,1,0,1
A01369496,1,1,1,1,0,0
A01750543,1,1,1,1,0,1
A01636929,1,1,1,1,0,1
A00227806,1,1,1,1,0,1
A01661469,1,1,1,1,0,0
A01741055,1,1,1,1,0,1
A01749013,0,1,1,1,0,1
A01028318,1,1,1,1,0,1
A01748119,1,1,1,1,0,1
A01748227,1,1,1,1,0,1
A01656490,1,1,1,1,0,1
A01748229,1,1,1,1,0,1
A01656558,1,1,1,1,0,1
A01027042,1,1,1,1,0,1
A01369068,1,1,1,1,0,1
A01748459,1,1,1,1,0,1
A01369141,1,1,1,1,0,1
A01656452,1,1,1,1,0,1
A01656576,1,1,1,1,0,1
A01636732,1,1,1,1,0,1
A01748640,1,1,1,1,0,1
A01656720,1,1,1,1,0,1
A01748447,1,1,1,1,0,1
A01657093,1,1,1,1,0,1
A01740899,1,1,1,1,0,1
A01636294,1,1,1,1,0,1
A01252708,1,1,1,1,0,1
A01656954,1,1,1,1,0,1
A01748269,1,1,1,1,0,1
A01541150,1,1,1,1,0,1
A01740971,1,1,1,1,0,1
A01656696,1,1,1,1,0,1
A01748608,1,1,1,1,0,1
A01748491,1,1,1,1,0,1
A01423922,1,1,1,1,0,1
A01027220,1,1,1,1,0,1
A00227369,1,1,1,1,0,1
A01641808,1,1,1,1,0,1
A01748500,1,1,1,1,0,1
A01748501,1,1,1,1,0,1
A01656782,1,1,1,1,0,1
A01748517,1,1,1,1,0,1
A01748555,1,1,1,1,0,1
A01656845,1,1,1,1,0,1
A01027493,1,1,1,1,0,0
A01656628,1,1,1,1,0,1
A01636676,1,1,1,1,0,1
A01660436,1,1,1,1,0,1
A01656844,1,1,1,1,0,1
A01741011,1,1,1,1,0,1
A01753401,1,1,1,1,0,0
A01642260,0,1,1,1,0,1
A01656793,1,1,1,1,0,1
A01656649,1,1,1,1,0,1
A01748878,1,1,1,1,0,1
A01640924,1,1,1,1,0,1
A01641232,1,1,1,1,0,1
A01754266,1,1,1,1,0,1
A01748807,1,1,1,1,0,1
A01753481,1,1,1,1,0,1
A01753827,1,1,1,1,0,1
A01656067,1,1,1,1,0,1
A01747903,1,1,1,1,0,1
A01748789,0,1,1,1,0,0
A01656062,1,1,1,1,0,1
A01747818,1,1,1,1,0,1
A01067452,1,1,1,1,0,0
A01747819,1,1,1,1,0,1
A01656106,1,1,1,1,0,1
A01352012,1,1,1,1,0,1
A01657195,1,1,1,1,0,1
A01750424,1,1,1,1,0,1
A01747906,1,1,1,1,0,1
A01747964,1,1,1,1,0,1
A01740797,1,1,1,1,0,1
A01661828,1,1,1,1,0,0
A01747976,1,1,1,1,0,1
A01657269,1,1,1,1,0,1
A01747930,1,1,1,1,0,1
A01747979,1,1,1,1,0,1
A01747987,1,1,1,1,0,1
A01561980,0,0,1,0,0,1
A07106285,1,1,1,1,0,1
A01747924,1,1,1,1,0,1
A01747984,1,1,1,1,0,1
A01657072,1,1,1,1,0,1
A01656290,1,1,1,1,1,1
A01636318,1,1,1,1,0,1
A01656363,1,1,1,1,0,1
A01656795,1,1,1,1,0,1
A01656371,1,1,1,1,0,1
A01656381,1,1,1,1,0,1
A01656304,1,1,1,1,0,1
A01636311,1,1,1,1,0,1
A01636343,1,1,1,1,0,1
A01748100,1,1,1,1,0,1
A01782388,1,1,1,1,0,1
A01656334,1,1,1,1,0,1
A01748114,1,1,1,1,0,1
A01252712,0,0,1,1,0,1
A01636577,1,1,1,1,0,1
A01656460,1,1,1,1,0,1
A01656442,1,1,1,1,0,1
A01027029,1,1,1,1,0,1
A01783169,1,1,1,0,0,1
A01641757,1,1,1,1,0,1
A01641792,1,1,1,1,0,1
A01641572,1,1,1,1,0,0
A01783392,1,1,1,1,0,1
A01798044,1,1,1,1,0,1
A01642208,1,1,1,1,0,1
A01798063,1,1,1,1,0,1
A01709657,1,1,1,1,0,1
A01798170,1,1,1,1,0,1
A01782912,1,1,1,1,0,1
A01662535,1,1,1,1,0,1
A01661482,0,1,1,1,0,0
A01562880,1,1,1,1,0,1
A01783347,1,1,1,1,0,1
A01661462,1,1,1,1,0,1
A01661485,1,1,1,1,0,1
A01642040,1,1,1,1,0,1
A01754891,1,1,1,1,0,1
A01783270,1,0,1,1,0,1
A01783340,1,1,1,1,0,1
A01662556,1,1,1,1,0,1
A01783240,1,1,1,1,0,1
A01742424,1,1,1,1,0,1
A01643195,0,1,1,1,0,1
A01254356,1,1,1,1,0,1
A01662344,1,1,1,1,0,1
A01662658,1,1,1,1,0,1
A01662761,1,1,1,1,0,1
A01642136,1,1,1,1,0,1
A01662499,1,1,1,1,0,1
A01662780,1,1,1,1,0,1
A01754923,1,1,1,1,0,1
A01783208,1,1,1,1,0,1
A01028788,1,1,1,1,0,1
A01245759,1,1,1,1,0,0
A01751665,1,1,1,1,0,1
A01782011,1,1,1,1,0,1
A01028691,1,1,1,1,0,1
A01708101,1,1,1,1,0,1
A01198070,1,1,1,1,0,1
A01275543,1,1,1,1,0,0
A01551530,1,1,1,1,0,1
A01234327,1,1,1,1,0,1
A01740229,1,1,1,1,0,1
A01229450,1,1,1,1,0,1
A01335861,1,1,1,1,0,1
A01375286,1,0,1,1,0,1
A01635690,1,1,1,1,0,1
A01742281,1,1,1,1,0,1
A01174073,1,0,1,1,0,1
A01655892,1,1,1,1,0,1
A01655997,1,1,1,1,0,1
A01747124,1,1,1,1,0,1
A01026377,1,1,1,1,0,0
A01635505,1,1,1,1,0,1
A01635553,1,1,1,1,0,1
A01026301,1,1,1,1,0,0
A01747151,1,1,1,1,0,1
A01368555,1,1,1,1,0,1
A01655922,1,1,1,1,0,1
A01026449,1,1,1,1,0,1
A01352002,1,1,1,1,0,1
A01747145,1,1,1,0,0,1
A01635547,1,1,1,1,0,1
A01635692,1,1,1,1,0,1
A01635566,0,1,1,1,1,1
A00344796,1,1,1,1,0,1
A01747174,1,1,1,1,0,1
A00227283,1,1,1,1,0,1
A01635422,1,1,1,1,0,1
A01636805,1,1,1,1,0,1
A01252452,1,1,1,1,0,0
A01748539,1,1,1,1,0,1
A00344745,1,1,1,1,0,1
A01747832,1,1,1,1,0,1
A01368557,1,1,1,1,0,1
A01747593,1,1,1,1,0,1
A01771205,1,1,1,1,0,0
A01747175,1,1,1,1,0,1
A01747353,1,1,1,1,0,1
A01747509,1,1,1,1,0,1
A01368588,1,1,1,1,0,1
A01747345,1,1,1,1,0,1
A01753400,1,1,1,1,0,1
A01368608,1,1,1,1,0,1
A01747423,1,1,1,1,0,1
A01351922,1,1,1,1,0,1
A01635748,1,1,1,1,0,1
A01067390,0,1,1,1,0,0
A01747449,1,1,1,1,0,1
A01747848,1,1,1,1,0,1
A01026823,1,1,1,1,0,1
A01423695,1,1,1,1,0,0
A01747441,1,1,1,1,0,1
A01641228,1,1,1,1,0,1
A01026495,1,1,1,1,0,1
A01655919,1,1,1,1,0,1
A01747440,1,1,1,1,0,1
A01747790,1,1,1,1,0,1
A01747578,1,1,1,1,0,1
A01747467,1,1,1,1,0,0
A01747486,1,1,1,1,0,0
A01747552,1,1,1,1,0,1
A01635683,1,1,1,1,0,1
A01656034,1,1,1,1,0,1
A01656100,1,1,1,1,0,1
A01636072,1,1,1,1,0,1
A00227321,1,1,1,1,0,1
A01636097,1,1,1,1,0,1
A01656040,1,1,1,1,0,1
A01656318,1,1,1,1,0,1
A01748844,1,1,1,1,0,1
A01656103,1,1,1,1,0,1
A01275607,1,1,1,1,0,1
A01028919,1,1,1,1,0,0
A00227306,1,1,1,1,0,1
A01747994,1,1,1,1,0,1
A01026671,1,1,1,1,0,0
A01635990,1,1,1,1,0,1
A01748025,1,1,1,1,0,1
A01275734,1,1,1,1,0,1
A01747890,1,1,1,1,0,1
A01753885,1,1,1,1,0,1
A01026330,1,1,1,0,0,1
A01655814,1,1,1,1,0,1
A01026175,1,1,1,1,0,1
A01026158,1,1,1,1,0,1
A01611638,1,1,1,1,0,1
A01655811,1,1,1,0,0,1
A01026218,1,1,1,1,0,1
A01655855,1,1,1,0,0,1
A01655830,1,1,1,1,0,1
A00344754,1,1,1,1,0,1
A01026201,1,1,1,1,0,1
A01748561,1,1,1,1,0,1
A01368558,1,1,1,1,0,1
A01568886,1,1,1,1,0,1
A01747051,1,1,1,1,0,1
A01620666,1,1,1,0,0,1
A01747106,1,1,1,1,1,1
A01747052,1,1,1,1,0,1
A01026361,1,1,1,1,0,1
A01782247,1,1,1,1,0,1
A01661455,1,1,1,1,0,1
A01782421,1,1,1,1,0,1
A01781931,1,1,1,1,0,1
A01735968,1,1,1,1,0,1
A00833227,1,1,1,1,0,1
A01641043,1,1,1,1,0,1
A01753478,1,1,1,1,0,1
A01640984,1,1,1,1,0,1
A01782387,1,0,1,1,0,1
A01753767,1,1,1,1,0,1
A01754476,1,1,1,1,0,1
A01662078,1,1,1,1,0,1
A01754414,1,1,1,1,0,1
A01782810,1,1,1,1,0,1
A01661884,1,1,1,1,0,1
A01754582,1,1,1,1,0,1
A01641791,1,1,1,1,0,1
A01783264,1,1,1,1,0,1
A01641451,1,1,1,1,0,0
A01641172,1,1,1,1,0,1
A01781932,1,1,1,1,0,1
A01753499,1,1,1,1,0,1
A01641586,1,1,1,1,0,1
A01641497,1,1,1,1,0,1
A01661650,1,1,1,1,0,1
A01754471,1,1,1,1,0,1
A01783088,1,0,1,1,0,1
A01562901,1,1,1,1,0,1
A01782562,1,1,1,1,0,1
A01782148,1,1,1,1,0,1
A01642217,1,1,1,1,0,1
A01641431,1,1,1,1,0,1
A01661432,1,1,1,1,0,1
A01753729,1,1,1,1,0,1
A01662440,1,1,1,1,0,1
A01754995,1,1,1,1,0,1
A01661656,1,1,1,1,0,1
A01782650,1,1,1,1,0,1
A01661968,1,1,1,1,0,1
A01660927,1,1,1,1,0,1
A01661182,1,1,1,1,0,1
A01753505,1,1,1,1,0,1
A01782232,1,1,1,1,0,1
A01661543,1,1,1,1,0,1
A01641739,1,1,1,1,0,1
A01641925,1,1,1,1,0,1
A01424790,1,1,1,1,0,1
A01782001,1,1,1,1,0,1
A01661418,1,1,1,1,0,1
A01661456,1,1,1,1,0,1
A01661957,1,1,1,1,0,1
A01641623,1,1,1,1,0,1
A01782853,1,1,1,1,0,0
A01753840,1,1,1,1,0,1
A01641589,1,1,1,1,0,1
A01754464,1,1,1,1,0,1
A01277282,0,1,1,1,0,1
A01641441,1,1,1,1,0,1
A01783124,1,1,1,1,0,1
A00227835,1,1,1,1,0,1
A01661700,1,1,1,1,0,1
A01662431,1,1,1,1,0,1
A01754420,1,1,1,1,0,1
A01753894,1,1,1,1,0,1
A01754297,1,1,1,1,0,1
A01753953,1,1,1,1,0,1
A01642252,1,1,1,1,0,1
A01642223,1,1,1,1,0,1
A01662621,1,1,1,1,0,1
A01662789,1,1,1,0,1,1
A01642021,1,1,1,1,0,1
A01754925,1,1,1,1,0,1
A01783116,1,1,1,1,0,1
A01662359,1,1,1,1,0,1
A01068262,1,1,1,1,0,1
A01662562,1,1,1,1,0,0
A01783246,1,1,1,1,0,1
A00573692,1,1,1,1,0,1
A01254301,1,1,1,1,0,1
A01642225,1,1,1,1,0,1
A01783173,0,1,1,1,0,1
A01783365,1,1,1,1,0,1
A01662636,1,1,1,1,0,1
A01662512,1,1,1,1,0,1
A01798065,1,1,1,1,0,1
A01783287,1,1,1,1,0,1
A01798100,1,1,1,1,0,1
A01783325,0,1,1,1,0,1
A01662076,1,1,1,1,0,1
A01782544,0,0,1,1,0,1
A01662553,1,1,1,1,0,1
A01641652,1,1,1,1,0,1
A01754572,1,1,1,1,0,1
A01662175,1,1,1,1,0,1
A01642068,1,1,1,1,0,1
A01641750,1,1,1,1,0,1
A01782883,1,1,1,1,0,1
A01662613,1,1,1,1,0,1
A01782558,1,1,1,1,0,1
A01641404,1,1,1,1,0,1
A01277329,1,1,1,1,0,1
A01662419,1,1,1,1,0,1
A01662634,1,1,1,1,0,1
A01642288,1,1,1,1,0,1
A00834620,1,1,1,1,0,1
A01641284,1,1,1,1,0,1
A01625642,1,1,1,1,0,1
A01662732,1,1,1,1,0,1
A01641391,1,1,1,1,0,1
A01174919,1,1,1,1,0,1
A01753913,1,1,1,1,0,0
A01277165,1,1,1,1,0,1
A01642329,1,1,1,1,0,1
A01742455,1,1,1,1,0,1
A01661689,1,1,1,1,0,1
A01641644,1,1,1,1,0,1
A01754353,1,1,1,1,0,1
A01782696,1,1,1,1,0,1
A01783064,1,1,1,1,0,1
A01753939,1,1,1,1,0,1
A01661417,1,1,1,1,0,1
A01641522,1,1,1,1,0,1
A01782517,1,1,1,1,0,1
A01068193,1,1,1,0,0,1
A01708887,1,1,1,1,0,1
A01754197,1,1,1,1,0,1
A01783199,1,1,1,1,0,1
A01254235,1,1,1,1,0,1
A01662483,1,1,1,1,0,1
A01641642,1,1,1,1,0,1
A01662533,1,1,1,1,0,1
A01783235,1,1,1,1,0,0
A01781551,1,1,1,1,0,1
A01638723,1,1,1,1,0,1
A01029150,1,1,1,1,0,1
A01752121,1,1,1,1,0,1
A01639211,1,1,1,1,0,1
A01742163,1,1,1,1,0,1
A01659196,1,1,1,1,0,1
A01707553,1,1,1,1,0,1
A01751266,1,1,1,1,0,1
A01639286,1,1,1,1,0,1
A01639239,1,1,1,1,0,1
A01659422,1,1,1,1,0,1
A01639771,1,1,1,1,0,1
A01707532,1,1,1,1,0,1
A01378592,1,1,1,1,0,1
A01274868,1,1,1,1,0,1
A01378199,1,1,1,1,0,1
A01633142,1,1,1,1,0,1
A01633776,1,1,1,1,0,1
A01653260,1,1,1,1,0,1
A01740285,1,1,1,1,0,1
A01379354,1,0,1,1,0,1
A01745080,1,1,1,1,0,1
A01745078,1,1,1,1,0,1
A01770998,1,1,1,1,0,1
A01568596,1,1,1,1,0,0
A01634214,1,1,1,1,0,1
A01024976,1,1,1,1,0,1
A01740426,1,0,1,1,0,1
A01702776,1,1,1,1,0,1
A01745579,1,1,1,1,0,1
A01745654,1,1,1,1,0,1
A01275119,1,1,1,1,0,1
A01654245,1,1,1,1,0,1
A01654796,1,1,1,1,0,1
A01654065,1,1,1,1,0,1
A01654439,1,1,1,1,0,1
A01746701,1,1,1,1,0,1
A01654446,1,1,1,1,0,1
A01351784,1,1,1,1,0,1
A01025454,1,1,1,1,0,1
A01732474,1,1,1,1,0,1
A01654494,1,1,1,1,0,1
A01634646,1,1,1,1,0,1
A01655428,1,1,1,1,0,1
A01634608,1,1,1,1,0,1
A01026085,1,1,1,1,0,1
A01025553,1,1,1,0,0,1
A01640469,1,1,1,1,0,1
A01423574,1,1,1,1,0,1
A01654930,1,1,1,1,0,1
A01655448,1,1,1,1,0,1
A01740767,1,1,1,1,0,1
A01655201,1,1,1,1,0,1
A01635229,1,1,1,1,0,1
A01655565,1,1,1,1,0,1
A01655368,1,1,1,1,0,1
A01026320,0,1,1,1,0,1
A01376260,1,1,1,1,0,1
A01026096,1,1,1,1,0,1
A01740684,1,1,1,1,0,1
A00344789,1,1,1,1,0,0
A01376835,1,1,1,1,0,1
A01650947,0,0,1,1,0,1
A01748115,1,1,1,1,0,1
A01656567,1,1,1,1,0,1
A01656419,1,1,1,1,0,1
A01748226,1,1,1,1,0,0
A01028049,1,0,1,1,0,1
A01028139,1,1,1,1,0,1
A01748271,1,1,1,1,0,1
A01657512,1,1,1,1,0,1
A01748541,1,1,1,1,0,1
A01748542,1,1,1,1,0,1
A01748466,1,1,1,1,0,1
A01748513,1,1,1,1,0,1
A01636837,1,1,1,1,0,1
A01028695,1,1,1,1,0,1
A01754267,1,1,1,1,0,1
A01748532,1,1,1,1,0,1
A01749014,1,1,1,1,0,1
A01423917,1,1,1,1,0,0
A01748792,1,1,1,1,0,0
A01748872,1,1,1,1,0,1
A01657092,1,1,1,1,0,1
A01642300,1,1,1,1,0,1
A01245706,1,1,1,1,0,1
A01027611,1,1,1,1,0,1
A01641740,1,1,1,1,0,1
A01027491,1,1,1,0,0,1
A01642338,1,1,1,1,0,1
A01660934,1,1,1,1,0,1
A01662174,1,1,1,1,0,1
A01748810,1,1,1,1,0,1
A01656201,1,1,1,1,0,1
A01026670,1,1,1,1,0,1
A01636095,1,1,1,1,0,1
A01740881,1,1,1,1,0,0
A01635989,1,1,1,1,0,1
A01275690,1,1,1,1,0,1
A01027169,1,1,1,0,0,1
A01657765,1,1,1,1,0,1
A01662506,1,1,1,1,0,1
A01656017,1,1,1,1,0,1
A01747369,1,1,1,1,0,1
A01635391,1,1,1,1,0,1
A01782140,1,1,1,1,0,1
A01636335,1,1,1,1,0,1
A01748209,1,1,1,1,0,1
A01656306,1,1,1,1,0,1
A01704809,1,1,1,1,0,0
A01656789,1,1,1,1,0,1
A01748086,1,1,1,1,0,1
A01636293,1,1,1,1,0,1
A01748470,1,1,1,1,0,1
A01747112,1,1,1,1,0,1
A01620793,1,1,1,1,0,1
A01748121,1,1,1,1,0,1
A01656625,1,1,1,1,0,1
A01369067,1,1,1,1,0,0
A01656023,1,1,1,1,0,1
A01656348,1,1,1,1,0,1
A01620783,1,1,1,1,0,1
A01656436,1,1,1,1,0,1
A01635507,1,1,1,1,0,1
A01635495,1,1,1,1,0,1
A01748228,1,1,1,1,0,0
A01656554,1,1,1,1,0,1
A01656443,1,1,1,1,0,1
A01368826,1,1,1,1,0,1
A01704269,1,1,1,1,0,1
A01657079,1,1,1,1,0,1
A01748247,1,1,1,1,0,1
A01748249,1,1,1,1,0,1
A01636519,1,1,1,1,0,1
A01369119,1,1,1,1,0,1
A01275534,1,1,1,1,0,1
A01655868,1,1,1,1,0,1
A01748481,0,1,1,1,0,0
A01748747,1,1,1,1,0,1
A01656399,1,1,1,1,0,1
A01026313,1,1,1,1,0,1
A01747327,1,1,1,1,0,1
A01369167,1,1,1,1,0,1
A01661584,1,1,1,1,0,1
A01641324,1,1,1,1,0,1
A01748489,1,1,1,1,0,1
A00572243,1,1,1,1,0,1
A01747355,1,1,1,1,0,1
A01656783,1,1,1,1,0,1
A01748704,1,1,1,1,1,1
A01657003,1,1,1,1,0,1
A01656907,1,1,1,1,0,1
A01027388,1,1,1,1,0,1
A01656957,1,1,1,1,0,1
A01636829,1,1,1,1,0,1
A01656990,1,1,1,1,0,1
A01656030,1,1,1,1,0,1
A01783216,1,1,1,1,0,1
A01640299,1,1,1,1,0,1
A01640495,1,1,1,1,0,1
A01642185,1,1,1,1,0,1
A01747833,1,1,1,1,0,0
A01635730,1,1,1,1,0,1
A01747496,1,1,1,1,0,1
A01641626,1,1,1,1,0,1
A01642074,1,1,1,1,0,1
A01769162,1,1,1,1,0,1
A01540454,1,1,1,1,0,1
A01026463,1,1,1,1,0,1
A01368669,1,1,1,1,0,1
A01656191,1,1,1,1,0,1
A01656060,1,1,1,1,0,1
A01748020,1,1,1,1,0,1
A01352054,1,1,1,1,0,1
A01635976,1,1,1,1,0,1
A01748044,1,1,1,1,0,1
A01423684,1,1,1,1,0,1
A01656078,1,1,1,1,0,1
A01656206,1,1,1,1,0,0
A01642245,1,1,1,1,0,1
A01656358,1,1,1,1,0,1
A01026647,1,1,1,1,0,1
A01656822,1,1,1,1,0,1
A01748862,1,1,1,0,0,0
A01656329,1,1,1,1,0,1
A01026844,1,1,1,1,0,1
A01740786,1,1,1,1,0,1
A01656173,1,1,1,1,0,1
A01636049,1,1,1,1,0,1
A01368977,1,1,1,1,0,0
A01656016,1,1,1,1,0,1
A01026210,1,1,1,1,0,1
A01026349,1,1,1,1,0,0
A01275349,1,1,1,1,0,0
A01275112,1,1,1,1,0,1
A01742427,1,1,1,1,0,1
A01655842,1,1,1,1,0,1
A01655832,1,1,1,1,0,1
A01747100,1,1,1,1,0,1
A01747515,1,1,1,0,0,1
A01026247,1,1,1,1,0,1
A01747007,1,1,1,1,0,1
A01378041,1,1,1,1,0,1
A01747036,1,1,1,1,0,1
A01732555,1,1,1,1,0,1
A00572186,1,1,1,1,0,1
A01620669,1,1,1,1,0,1
A01568665,1,1,1,1,0,1
A01782179,1,1,1,1,0,1
A01747048,0,1,1,1,0,1
A01568664,1,1,1,1,0,1
A01368552,1,1,1,1,0,0
A01067057,1,1,1,1,0,1
A01656026,1,1,1,1,0,1
A01655871,1,1,1,1,0,1
A01026351,1,1,1,1,0,1
A01653411,1,1,1,1,0,1
A01569079,1,1,1,1,0,1
A01747195,1,1,1,1,0,1
A01252370,1,1,1,1,0,1
A01747127,1,1,1,1,0,1
A01026642,1,1,1,0,0,1
A01653569,1,1,1,1,0,1
A01367477,1,0,1,1,0,1
A01620802,1,1,1,1,0,1
A01635542,1,1,1,1,0,1
A01568550,1,1,1,1,0,1
A01745410,1,1,1,1,0,1
A01566930,1,1,1,1,0,1
A00572208,1,1,1,1,0,1
A01748749,1,1,1,1,0,1
A01368667,1,1,1,1,0,1
A01245763,1,1,1,1,0,1
A01540656,1,1,1,1,0,1
A00232355,1,1,1,1,0,1
A01747342,1,1,1,1,0,1
A01368615,1,1,1,0,0,1
A01661723,1,1,1,1,0,1
A01661789,1,1,1,1,0,1
A01636096,1,1,1,1,0,1
A01026491,1,1,1,1,0,1
A01026512,1,1,1,1,0,1
A01747969,1,1,1,1,0,1
A01747659,1,1,1,1,0,1
A01747357,1,1,1,1,0,1
A01635822,1,1,1,1,0,1
A01635715,1,1,1,1,0,1
A01635743,1,1,1,1,0,1
A01747404,1,1,1,1,0,0
A01655467,1,1,1,1,0,1
A01026443,1,1,1,1,1,1
A01635774,1,1,1,1,0,1
A01747636,1,1,1,1,0,1
A01747490,1,1,1,1,0,1
A01174102,1,1,1,1,0,1
A01026467,1,1,1,1,0,0
A01655468,1,1,1,1,0,1
A01656058,1,1,1,1,0,1
A01655938,1,1,1,1,0,1
A01423689,1,1,1,1,0,0
A01026629,0,1,1,1,0,1
A01748046,1,1,1,1,0,1
A01747869,1,1,1,1,0,1
A01746617,1,1,1,1,0,1
A01028853,1,1,1,1,0,1
A01655348,1,1,1,1,0,1
A01746392,1,1,1,1,0,1
A01746522,1,1,1,1,0,1
A01655456,1,1,1,1,0,1
A01026097,1,0,1,1,0,1
A01026378,1,1,1,1,0,1
A01066838,1,1,1,1,0,1
A01634659,1,1,1,1,0,1
A01651403,1,1,1,1,0,1
A01653191,1,1,1,1,0,1
A01365863,1,1,1,1,0,1
A01251530,1,1,1,1,0,1
A01366868,1,1,1,1,0,1
A01652789,1,1,1,1,0,1
A01379303,1,1,1,1,0,1
A01274769,1,1,1,1,0,1
A01746901,1,0,1,1,0,1
A01379851,1,1,1,1,0,1
A01633363,0,1,1,1,0,1
A01653408,1,1,1,1,0,1
A01024878,1,1,1,1,0,1
A01654628,1,1,1,1,0,1
A01745286,1,1,1,1,0,1
A01745478,1,1,1,1,1,1
A01633709,1,1,1,1,0,1
A01025232,1,1,1,1,0,1
A01634170,1,1,1,1,0,0
A01740481,1,1,1,1,0,1
A01745626,1,1,1,1,0,1
A01745902,1,1,1,1,0,1
A01746043,1,1,1,1,0,1
A01746826,0,1,1,1,1,1
A01540342,1,1,1,1,0,1
A01025800,1,1,1,1,0,1
A01746232,1,1,1,1,0,1
A01025566,1,1,1,1,0,1
A01703764,1,1,1,1,0,1
A01173975,1,1,1,1,0,1
A01634795,1,1,1,1,0,1
A01746600,1,1,1,1,0,1
A01754769,1,1,1,1,0,1
A01662509,1,1,1,1,0,1
A01661438,1,1,1,1,0,1
A01782427,1,1,1,1,0,1
A01640857,1,1,1,1,0,1
A01781917,1,1,1,1,0,1
A01708700,1,1,1,1,0,1
A01641801,1,1,1,1,0,1
A01782485,1,1,1,1,0,1
A01782027,1,1,1,1,0,1
A01640903,1,1,1,1,0,1
A01782545,1,1,1,1,0,1
A01770627,1,1,1,1,0,1
A01782396,1,1,1,1,0,1
A01753839,1,1,1,1,0,1
A01708675,1,1,1,1,0,1
A01798080,1,1,1,1,0,1
A01661974,1,1,1,1,0,1
A01754700,1,1,1,1,0,1
A01642220,1,1,1,1,0,0
A01641537,1,1,1,1,0,0
A01625510,1,1,1,1,0,1
A01782184,0,1,1,0,0,1
A01754568,1,1,1,1,0,1
A01782014,1,1,1,1,0,1
A01753832,1,1,1,1,0,1
A01641153,1,1,1,1,0,1
A01641590,1,1,1,1,0,1
A01641591,1,1,1,1,0,1
A01782144,1,1,1,1,0,1
A01642027,1,1,1,1,0,1
A01783298,1,1,1,1,0,1
A01640904,1,1,1,1,0,0
A01753759,1,1,1,1,0,1
A01753933,1,1,1,1,0,1
A01661547,1,1,1,1,0,1
A00833652,1,1,1,1,0,1
A01783091,1,0,1,1,0,1
A01642273,1,1,1,1,0,1
A01662755,1,1,1,1,0,1
A01662540,1,1,1,1,1,1
A01641373,1,1,1,1,0,0
A01662031,0,1,1,1,0,1
A01641058,1,1,1,1,0,1
A01068295,1,1,1,1,0,1
A01661504,1,1,1,1,1,1
A01782007,1,1,1,1,0,1
A01753830,1,1,1,1,0,1
A01068245,1,1,1,1,0,1
A01753958,1,1,1,1,0,1
A01641256,1,1,1,1,0,1
A01641135,1,1,1,1,0,1
A01641585,1,1,1,1,0,1
A01742167,1,1,1,1,0,1
A01782434,0,1,1,1,0,0
A01782428,1,1,1,1,0,1
A01782205,1,1,1,1,0,1
A01782482,1,1,1,1,0,1
A01641569,1,1,1,1,0,1
A01742308,1,1,1,1,0,1
A01798117,1,1,1,1,0,1
A01642311,1,1,1,1,0,1
A01642352,1,1,1,1,0,1
A01754578,1,1,1,1,0,1
A01641263,1,1,1,1,0,1
A01641336,1,1,1,1,0,1
A01782031,1,1,1,1,0,1
A01783055,1,0,1,1,0,1
A01782871,0,1,1,1,0,1
A01641426,1,1,1,1,0,1
A01661596,1,1,1,1,0,1
A01783001,1,1,1,1,0,0
A01661427,1,1,1,1,0,1
A01640988,1,1,1,1,0,0
A01753896,1,1,1,1,0,1
A01782415,1,1,1,1,0,1
A01641519,1,1,1,1,0,1
A01754423,1,1,1,1,0,1
A01661690,1,1,1,1,0,1
A01770721,1,1,1,1,1,0
A01661904,1,1,1,1,0,1
A01782431,1,1,1,1,0,1
A01640826,1,1,1,1,0,1
A01641666,1,1,1,1,0,1
A01754412,1,1,1,1,0,1
A01641874,1,1,1,1,0,1
A01753940,1,1,1,1,0,1
A01662170,1,1,1,1,0,1
A00835072,1,1,1,1,0,1
A01641278,1,1,1,1,0,1
A01708308,1,1,1,1,0,1
A01754571,1,1,1,1,0,1
A01641940,1,1,1,1,0,1
A01708233,1,1,1,1,0,1
A01640099,1,1,1,1,0,1
A01640510,1,1,1,1,0,1
A01660049,1,1,1,1,0,1
A01781677,0,1,1,1,0,0
A01659797,1,1,1,1,0,1
A01660686,1,1,1,1,0,1
A01781451,1,0,1,1,0,1
A01781461,1,1,1,1,0,1
A01660483,1,1,1,1,0,1
A01641723,1,1,1,1,0,1
A01781576,1,1,1,1,0,1
A01640539,1,1,1,1,0,1
A01661199,1,1,1,1,0,1
A01640931,1,1,1,1,0,1
A01660980,1,1,1,1,0,1
A01754409,1,1,1,1,0,1
A01752798,1,1,1,1,0,1
A01781266,1,1,1,1,0,1
A01660320,1,1,1,1,0,1
A01753486,1,1,1,1,0,1
A01029991,1,1,1,1,0,1
A01781591,0,1,1,1,0,1
A01641676,0,1,1,1,1,1
A01781253,1,1,1,1,0,1
A00573505,1,1,1,1,0,1
A01660979,1,1,1,1,0,1
A01640289,0,1,1,1,0,1
A01781257,1,1,1,1,0,0
A01754196,1,1,1,1,0,1
A01781512,1,1,1,1,0,1
A01660939,1,1,1,1,0,1
A01659768,1,0,1,1,0,1
A01781895,1,1,1,1,0,1
A01752129,1,1,1,1,0,1
A01661165,1,1,1,1,0,1
A01781913,1,1,1,1,0,1
A01752659,1,1,1,1,0,1
A01657923,1,1,1,1,0,1
A01639266,1,0,1,1,0,1
A01659248,1,1,1,1,0,1
A01029988,1,1,1,1,0,0
A01562548,1,1,1,1,0,1
A01639840,1,1,1,1,0,1
A01752655,1,1,1,1,0,1
A01276684,1,1,1,1,0,1
A01753855,1,1,1,1,0,1
A01752651,1,1,1,1,0,1
A01639724,1,1,1,1,0,1
A01782391,1,1,1,1,0,1
A01751281,1,0,1,1,0,1
A01638338,1,1,1,1,0,1
A01639776,1,1,1,1,0,1
A01752125,1,1,1,1,0,1
A01753174,1,1,1,1,0,1
A01028980,1,1,1,1,0,1
A01657922,1,0,1,1,0,1
A01567090,1,1,1,1,0,1
A01636918,1,1,1,1,0,1
A01067581,1,1,1,1,0,1
A01028813,1,1,1,1,0,1
A01567143,1,1,1,1,0,1
A01658874,1,1,1,1,0,1
A01798128,1,1,1,1,0,1
A01782516,1,1,1,1,0,1
A01754921,1,1,1,1,0,1
A01641796,1,1,1,1,0,1
A01782960,1,0,1,1,0,1
A01642126,1,1,1,1,0,1
A01642042,1,1,1,1,0,1
A01798027,1,1,1,1,0,1
A01754301,1,1,1,1,0,1
A01771089,1,1,1,1,0,1
A01782750,1,1,1,1,0,1
A01782985,1,1,1,1,0,1
A01782911,1,1,1,1,0,1
A01661975,1,1,1,1,0,1
A01662157,1,1,1,1,0,1
A01641937,1,1,1,1,0,1
A01783219,1,1,1,1,0,1
A01641444,1,1,1,1,0,1
A01642224,1,1,1,1,0,1
A01754739,1,1,1,1,0,1
A01754856,1,1,1,1,0,1
A01662086,1,1,1,1,0,1
A01642178,1,1,1,1,0,1
A01798009,1,1,1,1,0,1
A01662156,1,1,1,1,0,1
A01782856,1,1,1,1,0,1
A01754733,1,1,1,1,0,1
A01754586,1,1,1,1,0,0
A01277333,1,1,1,1,0,1
A01641992,0,0,1,1,0,1
A01662781,1,1,1,1,0,1
A01277334,1,1,1,1,0,1
A01754918,1,1,1,1,0,1
A01641888,1,1,1,1,0,1
A01662244,1,1,1,1,0,1
A01662659,1,1,1,1,0,1
A01424942,1,1,1,1,0,0
A01662421,1,1,1,1,0,1
A01662120,1,1,1,1,0,1
A01662324,1,1,1,1,0,1
A01642065,1,1,1,1,0,1
A01641646,1,1,1,1,0,1
A00573677,0,1,1,1,0,1
A01754303,1,1,1,1,0,1
A01754991,1,1,1,1,0,1
A01754831,1,1,1,1,0,1
A01782767,1,1,1,1,0,1
A01783118,1,1,1,1,0,1
